CCA3,Country/Territory,join_key,Country,_merge
AFG,Afghanistan,afghanistan,Afghanistan,both
ALB,Albania,albania,Albania,both
DZA,Algeria,algeria,Algeria,both
ASM,American Samoa,american samoa,American Samoa,both
AND,Andorra,andorra,Andorra,both
AGO,Angola,angola,Angola,both
AIA,Anguilla,anguilla,Anguilla,both
ATG,Antigua and Barbuda,antigua and barbuda,Antigua And Barbuda,both
ARG,Argentina,argentina,Argentina,both
ARM,Armenia,armenia,Armenia,both
ABW,Aruba,aruba,Aruba,both
AUS,Australia,australia,Australia,both
AUT,Austria,austria,Austria,both
AZE,Azerbaijan,azerbaijan,Azerbaijan,both
BHS,Bahamas,bahamas,Bahamas,both
BHR,Bahrain,bahrain,Bahrain,both
BGD,Bangladesh,bangladesh,Bangladesh,both
BRB,Barbados,barbados,Barbados,both
BLR,Belarus,belarus,Belarus,both
BEL,Belgium,belgium,Belgium,both
BLZ,Belize,belize,Belize,both
BEN,Benin,benin,Benin,both
BMU,Bermuda,bermuda,,left_only
BTN,Bhutan,bhutan,Bhutan,both
BOL,Bolivia,bolivia,Bolivia,both
BIH,Bosnia and Herzegovina,bosnia and herzegovina,Bosnia And Herzegovina,both
BWA,Botswana,botswana,Botswana,both
BRA,Brazil,brazil,Brazil,both
VGB,British Virgin Islands,british virgin islands,British Virgin Islands,both
BRN,Brunei,brunei,,left_only
BGR,Bulgaria,bulgaria,Bulgaria,both
BFA,Burkina Faso,burkina faso,Burkina Faso,both
BDI,Burundi,burundi,Burundi,both
KHM,Cambodia,cambodia,Cambodia,both
CMR,Cameroon,cameroon,Cameroon,both
CAN,Canada,canada,Canada,both
CPV,Cape Verde,cape verde,Cape Verde,both
CYM,Cayman Islands,cayman islands,Cayman Islands,both
CAF,Central African Republic,central african republic,Central African Republic,both
TCD,Chad,chad,Chad,both
CHL,Chile,chile,Chile,both
CHN,China,china,China,both
COL,Colombia,colombia,Colombia,both
COM,Comoros,comoros,Comoros,both
COK,Cook Islands,cook islands,,left_only
CRI,Costa Rica,costa rica,Costa Rica,both
HRV,Croatia,croatia,Croatia,both
CUB,Cuba,cuba,Cuba,both
CUW,Curacao,curacao,Curaçao,both
CYP,Cyprus,cyprus,Cyprus,both
CZE,Czech Republic,czech republic,Czech Republic,both
DNK,Denmark,denmark,Denmark (Europe),both
DJI,Djibouti,djibouti,Djibouti,both
DMA,Dominica,dominica,Dominica,both
DOM,Dominican Republic,dominican republic,Dominican Republic,both
COD,DR Congo,dr congo,Congo (Democratic Republic Of The),both
ECU,Ecuador,ecuador,Ecuador,both
EGY,Egypt,egypt,Egypt,both
SLV,El Salvador,el salvador,El Salvador,both
GNQ,Equatorial Guinea,equatorial guinea,Equatorial Guinea,both
ERI,Eritrea,eritrea,Eritrea,both
EST,Estonia,estonia,Estonia,both
SWZ,Eswatini,eswatini,Swaziland,both
ETH,Ethiopia,ethiopia,Ethiopia,both
FLK,Falkland Islands,falkland islands,Falkland Islands (Islas Malvinas),both
FRO,Faroe Islands,faroe islands,Faroe Islands,both
FJI,Fiji,fiji,Fiji,both
FIN,Finland,finland,Finland,both
FRA,France,france,France (Europe),both
GUF,French Guiana,french guiana,French Guiana,both
PYF,French Polynesia,french polynesia,French Polynesia,both
GAB,Gabon,gabon,Gabon,both
GMB,Gambia,gambia,Gambia,both
GEO,Georgia,georgia,Georgia,both
DEU,Germany,germany,Germany,both
GHA,Ghana,ghana,Ghana,both
GIB,Gibraltar,gibraltar,,left_only
GRC,Greece,greece,Greece,both
GRL,Greenland,greenland,Greenland,both
GRD,Grenada,grenada,Grenada,both
GLP,Guadeloupe,guadeloupe,Guadeloupe,both
GUM,Guam,guam,Guam,both
GTM,Guatemala,guatemala,Guatemala,both
GGY,Guernsey,guernsey,Guernsey,both
GIN,Guinea,guinea,Guinea,both
GNB,Guinea-Bissau,guinea bissau,Guinea Bissau,both
GUY,Guyana,guyana,Guyana,both
HTI,Haiti,haiti,Haiti,both
HND,Honduras,honduras,Honduras,both
HKG,Hong Kong,hong kong,Hong Kong,both
HUN,Hungary,hungary,Hungary,both
ISL,Iceland,iceland,Iceland,both
IND,India,india,India,both
IDN,Indonesia,indonesia,Indonesia,both
IRN,Iran,iran,Iran,both
IRQ,Iraq,iraq,Iraq,both
IRL,Ireland,ireland,Ireland,both
IMN,Isle of Man,isle of man,Isle Of Man,both
ISR,Israel,israel,Israel,both
ITA,Italy,italy,Italy,both
CIV,Ivory Coast,ivory coast,Côte D'Ivoire,both
JAM,Jamaica,jamaica,Jamaica,both
JPN,Japan,japan,Japan,both
JEY,Jersey,jersey,Jersey,both
JOR,Jordan,jordan,Jordan,both
KAZ,Kazakhstan,kazakhstan,Kazakhstan,both
KEN,Kenya,kenya,Kenya,both
KIR,Kiribati,kiribati,Kiribati,both
KWT,Kuwait,kuwait,Kuwait,both
KGZ,Kyrgyzstan,kyrgyzstan,Kyrgyzstan,both
LAO,Laos,laos,Laos,both
LVA,Latvia,latvia,Latvia,both
LBN,Lebanon,lebanon,Lebanon,both
LSO,Lesotho,lesotho,Lesotho,both
LBR,Liberia,liberia,Liberia,both
LBY,Libya,libya,Libya,both
LIE,Liechtenstein,liechtenstein,Liechtenstein,both
LTU,Lithuania,lithuania,Lithuania,both
LUX,Luxembourg,luxembourg,Luxembourg,both
MAC,Macau,macau,Macau,both
MDG,Madagascar,madagascar,Madagascar,both
MWI,Malawi,malawi,Malawi,both
MYS,Malaysia,malaysia,Malaysia,both
MDV,Maldives,maldives,,left_only
MLI,Mali,mali,Mali,both
MLT,Malta,malta,Malta,both
MHL,Marshall Islands,marshall islands,,left_only
MTQ,Martinique,martinique,Martinique,both
MRT,Mauritania,mauritania,Mauritania,both
MUS,Mauritius,mauritius,Mauritius,both
MYT,Mayotte,mayotte,Mayotte,both
MEX,Mexico,mexico,Mexico,both
FSM,Micronesia,micronesia,Federated States Of Micronesia,both
MDA,Moldova,moldova,Moldova,both
MCO,Monaco,monaco,Monaco,both
MNG,Mongolia,mongolia,Mongolia,both
MNE,Montenegro,montenegro,Montenegro,both
MSR,Montserrat,montserrat,Montserrat,both
MAR,Morocco,morocco,Morocco,both
MOZ,Mozambique,mozambique,Mozambique,both
MMR,Myanmar,myanmar,Burma,both
NAM,Namibia,namibia,Namibia,both
NRU,Nauru,nauru,,left_only
NPL,Nepal,nepal,Nepal,both
NLD,Netherlands,netherlands,Netherlands (Europe),both
NCL,New Caledonia,new caledonia,New Caledonia,both
NZL,New Zealand,new zealand,New Zealand,both
NIC,Nicaragua,nicaragua,Nicaragua,both
NER,Niger,niger,Niger,both
NGA,Nigeria,nigeria,Nigeria,both
NIU,Niue,niue,Niue,both
PRK,North Korea,north korea,North Korea,both
MKD,North Macedonia,north macedonia,Macedonia,both
NFK,Northern Mariana Islands,northern mariana islands,Northern Mariana Islands,both
NOR,Norway,norway,Norway,both
OMN,Oman,oman,Oman,both
PAK,Pakistan,pakistan,Pakistan,both
PLW,Palau,palau,Palau,both
PSE,Palestine,palestine,Palestina,both
PAN,Panama,panama,Panama,both
PNG,Papua New Guinea,papua new guinea,Papua New Guinea,both
PRY,Paraguay,paraguay,Paraguay,both
PER,Peru,peru,Peru,both
PHL,Philippines,philippines,Philippines,both
POL,Poland,poland,Poland,both
PRT,Portugal,portugal,Portugal,both
PRI,Puerto Rico,puerto rico,Puerto Rico,both
QAT,Qatar,qatar,Qatar,both
COG,Republic of the Congo,republic of the congo,Congo,both
REU,Reunion,reunion,Reunion,both
ROU,Romania,romania,Romania,both
RUS,Russia,russia,Russia,both
RWA,Rwanda,rwanda,Rwanda,both
BLM,Saint Barthelemy,saint barthelemy,Saint Barthélemy,both
KNA,Saint Kitts and Nevis,saint kitts and nevis,Saint Kitts And Nevis,both
LCA,Saint Lucia,saint lucia,Saint Lucia,both
MAF,Saint Martin,saint martin,Saint Martin,both
SPM,Saint Pierre and Miquelon,saint pierre and miquelon,Saint Pierre And Miquelon,both
VCT,Saint Vincent and the Grenadines,saint vincent and the grenadines,Saint Vincent And The Grenadines,both
WSM,Samoa,samoa,Samoa,both
SMR,San Marino,san marino,San Marino,both
STP,Sao Tome and Principe,sao tome and principe,Sao Tome And Principe,both
SAU,Saudi Arabia,saudi arabia,Saudi Arabia,both
SEN,Senegal,senegal,Senegal,both
SRB,Serbia,serbia,Serbia,both
SYC,Seychelles,seychelles,Seychelles,both
SLE,Sierra Leone,sierra leone,Sierra Leone,both
SGP,Singapore,singapore,Singapore,both
SXM,Sint Maarten,sint maarten,Sint Maarten,both
SVK,Slovakia,slovakia,Slovakia,both
SVN,Slovenia,slovenia,Slovenia,both
SLB,Solomon Islands,solomon islands,Solomon Islands,both
SOM,Somalia,somalia,Somalia,both
ZAF,South Africa,south africa,South Africa,both
KOR,South Korea,south korea,South Korea,both
SSD,South Sudan,south sudan,,left_only
ESP,Spain,spain,Spain,both
LKA,Sri Lanka,sri lanka,Sri Lanka,both
SDN,Sudan,sudan,Sudan,both
SUR,Suriname,suriname,Suriname,both
SWE,Sweden,sweden,Sweden,both
CHE,Switzerland,switzerland,Switzerland,both
SYR,Syria,syria,Syria,both
TWN,Taiwan,taiwan,Taiwan,both
TJK,Tajikistan,tajikistan,Tajikistan,both
TZA,Tanzania,tanzania,Tanzania,both
THA,Thailand,thailand,Thailand,both
TLS,Timor-Leste,timor leste,Timor Leste,both
TGO,Togo,togo,Togo,both
TKL,Tokelau,tokelau,,left_only
TON,Tonga,tonga,Tonga,both
TTO,Trinidad and Tobago,trinidad and tobago,Trinidad And Tobago,both
TUN,Tunisia,tunisia,Tunisia,both
TUR,Turkey,turkey,Turkey,both
TKM,Turkmenistan,turkmenistan,Turkmenistan,both
TCA,Turks and Caicos Islands,turks and caicos islands,Turks And Caicas Islands,both
TUV,Tuvalu,tuvalu,,left_only
UGA,Uganda,uganda,Uganda,both
UKR,Ukraine,ukraine,Ukraine,both
ARE,United Arab Emirates,united arab emirates,United Arab Emirates,both
GBR,United Kingdom,united kingdom,United Kingdom (Europe),both
USA,United States,united states,United States,both
VIR,United States Virgin Islands,united states virgin islands,Virgin Islands,both
URY,Uruguay,uruguay,Uruguay,both
UZB,Uzbekistan,uzbekistan,Uzbekistan,both
VUT,Vanuatu,vanuatu,,left_only
VAT,Vatican City,vatican city,,left_only
VEN,Venezuela,venezuela,Venezuela,both
VNM,Vietnam,vietnam,Vietnam,both
WLF,Wallis and Futuna,wallis and futuna,,left_only
ESH,Western Sahara,western sahara,Western Sahara,both
YEM,Yemen,yemen,Yemen,both
ZMB,Zambia,zambia,Zambia,both
ZWE,Zimbabwe,zimbabwe,Zimbabwe,both
