cca3,decade_start,decade_end,mean_temp_c,warming_c_per_decade,detrended_volatility_c,mean_uncertainty_c
ABW,1960,1969,28.199408333333338,0.1074595959595944,0.18984095480680793,0.3587666666666667
ABW,1970,1979,28.167541666666672,0.19795454545454605,0.28782938385222967,0.3272166666666666
ABW,1980,1989,28.342575,-0.27031818181818323,0.3026605084735206,0.32425833333333337
ABW,1990,1999,28.53163333333334,0.3221515151515145,0.2243152929993867,0.31716666666666665
ABW,2000,2009,28.664583333333333,0.30730303030303324,0.21981761149469406,0.3412
AFG,1960,1969,13.961283333333332,-0.322575757575757,0.49422573987852364,0.4119833333333333
AFG,1970,1979,14.035983333333334,0.10884848484848536,0.746613153295199,0.41252500000000003
AFG,1980,1989,14.595183333333335,0.15579797979798168,0.4974842372584415,0.4213166666666667
AFG,1990,1999,14.732458333333335,0.7997121212121227,0.3241004891206741,0.4517749999999999
AFG,2000,2009,15.365649999999999,-0.42433333333333517,0.2863285053272954,0.4700333333333334
AGO,1960,1969,21.887691666666665,0.09729797979798002,0.15473213301470418,0.3156
AGO,1970,1979,21.906983333333336,-0.18656565656565635,0.26421844098879355,0.3906666666666666
AGO,1980,1989,22.199141666666666,0.3887525252525234,0.24239085494695312,0.5175166666666666
AGO,1990,1999,22.477566666666668,0.4132525252525284,0.29470275203286134,0.4946
AGO,2000,2009,22.53725833333333,-0.44629797979797725,0.3258755262436319,0.7387166666666667
AIA,1960,1969,26.82451666666667,-0.3831515151515186,0.19652735114348563,0.35830833333333334
AIA,1970,1979,26.748399999999997,0.15963636363636516,0.2400512064246888,0.3485083333333333
AIA,1980,1989,27.048000000000002,-0.14423232323232413,0.21073963294046585,0.31251666666666666
AIA,1990,1999,27.266525,0.514823232323232,0.1753312746056579,0.2825583333333333
AIA,2000,2009,27.467358333333333,0.17423737373737228,0.22859127260699108,0.2679833333333333
ALB,1960,1969,12.919900000000002,-0.6021414141414134,0.2835228407964226,0.3391416666666667
ALB,1970,1979,12.610949999999999,0.07163636363636505,0.3403777996884683,0.3155166666666666
ALB,1980,1989,12.775675,0.6596515151515147,0.2191448032904347,0.30144166666666666
ALB,1990,1999,13.149891666666665,0.307762626262628,0.4984907696048337,0.3289
ALB,2000,2009,13.529558333333332,0.11667171717171737,0.4046762977232786,0.31145
AND,1960,1969,11.3271,-0.2284242424242407,0.4558721720015245,0.3502416666666667
AND,1970,1979,11.159275,0.04772222222222171,0.18021019049210776,0.31902500000000006
AND,1980,1989,11.671633333333334,0.9680000000000011,0.45626088114878643,0.28134166666666666
AND,1990,1999,12.089525,0.5479848484848479,0.48304450795041154,0.27648333333333336
AND,2000,2009,12.296949999999999,-0.047878787878786536,0.3864969254011688,0.2760666666666667
ARE,1960,1969,27.741816666666672,0.11814141414141534,0.29183499272991315,0.7001166666666666
ARE,1970,1979,27.859050000000003,0.4263535353535367,0.344808164539297,0.5878833333333333
ARE,1980,1989,27.794391666666673,-0.04569191919192018,0.36342013619098823,0.39665833333333333
ARE,1990,1999,28.272633333333335,1.5170808080808074,0.4302592618713908,0.3300416666666667
ARE,2000,2009,29.02234166666667,-0.02280303030303153,0.1549630170209005,0.3571583333333333
ARG,1960,1969,14.919450000000001,0.2998787878787872,0.2242289956280393,0.22380833333333333
ARG,1970,1979,14.879241666666667,0.25767171717171766,0.2907409872717651,0.215125
ARG,1980,1989,15.123408333333334,0.13621717171717107,0.31871455854401876,0.198475
ARG,1990,1999,15.197791666666669,0.28212626262626384,0.23909272538460183,0.21525833333333333
ARG,2000,2009,15.257758333333333,0.2918131313131322,0.32331654494348655,0.21239166666666667
ARM,1960,1969,9.062958333333333,-1.0752878787878768,0.8378168318403062,0.42704166666666665
ARM,1970,1979,8.848691666666667,0.4788636363636359,0.7237905208868805,0.3894083333333333
ARM,1980,1989,9.139683333333332,0.013777777777776744,0.47084234843330486,0.3799416666666667
ARM,1990,1999,9.277333333333333,1.9615050505050502,0.7522238013364401,0.335975
ARM,2000,2009,9.798283333333334,-0.25961616161616186,0.280430297804418,0.36327499999999996
ASM,1960,1969,26.650491666666664,-0.046772727272725606,0.1898862670557984,0.38809166666666667
ASM,1970,1979,26.756116666666667,0.1182525252525295,0.18738520276755147,0.3339583333333333
ASM,1980,1989,26.911825,0.02848989898989586,0.1042539263696415,0.3166916666666667
ASM,1990,1999,27.103125,0.09477272727272655,0.16695187255529484,0.4056666666666667
ASM,2000,2009,27.246783333333333,-0.25355555555555365,0.15936985414915344,0.45362500000000006
ATG,1960,1969,26.668533333333336,-0.36850505050505256,0.18740121450588154,0.3685083333333333
ATG,1970,1979,26.58654166666667,0.1353080808080802,0.23710174410101503,0.30396666666666666
ATG,1980,1989,26.874258333333337,-0.1837929292929294,0.2271180687094399,0.2694416666666667
ATG,1990,1999,27.097283333333337,0.5504242424242403,0.18185021100461918,0.2507666666666667
ATG,2000,2009,27.298908333333333,0.15089393939394094,0.23432969473828852,0.24923333333333336
AUS,1960,1969,21.67145,0.04621212121211923,0.2718467902273315,0.21187499999999998
AUS,1970,1979,21.77290833333333,0.008712121212122548,0.3917457207989767,0.19695833333333335
AUS,1980,1989,22.114075,-0.14638888888889032,0.32726014887418325,0.18404166666666666
AUS,1990,1999,22.206200000000003,-0.011626262626267255,0.24298193838476936,0.1803
AUS,2000,2009,22.3255,0.7316464646464648,0.28940418246249633,0.1769
AUT,1960,1969,6.273616666666666,-0.01806060606060617,0.5917111352379084,0.30085000000000006
AUT,1970,1979,6.415983333333334,0.21394949494949508,0.3898469671433543,0.288475
AUT,1980,1989,6.516866666666667,0.8002929292929282,0.5410331952559603,0.26203333333333334
AUT,1990,1999,7.0532916666666665,-0.13279292929292913,0.6380952883955323,0.23961666666666664
AUT,2000,2009,7.4886,-0.03726262626262632,0.4871496758086563,0.23924166666666666
AZE,1960,1969,11.668783333333334,-1.1218181818181818,0.7662957202805677,0.40469999999999995
AZE,1970,1979,11.531541666666666,0.15769191919192055,0.620135040814391,0.36305
AZE,1980,1989,11.736633333333334,0.2081313131313131,0.4484776182115038,0.3412416666666666
AZE,1990,1999,11.930708333333332,1.6308838383838384,0.67304026195364,0.3303083333333333
AZE,2000,2009,12.565724999999999,-0.16012626262626384,0.279886024816161,0.3505083333333333
BDI,1960,1969,20.016591666666667,0.20084343434343227,0.15893670217822312,0.5028583333333334
BDI,1970,1979,20.137825,0.45657070707070757,0.20279859825771393,0.38944999999999996
BDI,1980,1989,20.480241666666668,-0.11532828282828281,0.28117309112642325,0.5096583333333332
BDI,1990,1999,20.537008333333336,0.258833333333335,0.19548129350684904,0.5664750000000001
BDI,2000,2009,20.816933333333335,0.11884848484848455,0.2873284405904958,0.5960083333333334
BEL,1960,1969,9.478133333333334,0.05082828282828348,0.688498429273342,0.2581916666666667
BEL,1970,1979,9.718708333333334,-0.19338888888888833,0.41940961788210873,0.24430000000000002
BEL,1980,1989,9.770458333333334,0.6164191919191918,0.6690392891221535,0.21767499999999998
BEL,1990,1999,10.342208333333335,0.06836868686868747,0.6638032478185389,0.20431666666666665
BEL,2000,2009,10.803816666666666,-0.146767676767677,0.26082833445079506,0.20895000000000002
BEN,1960,1969,27.163766666666668,0.25602020202020487,0.18466329877159168,0.27805
BEN,1970,1979,27.32096666666667,-0.09142424242424424,0.2948213643831549,0.2520583333333334
BEN,1980,1989,27.54089166666667,0.03851010101009936,0.28528547050630626,0.26502499999999996
BEN,1990,1999,27.596991666666668,0.3690050505050515,0.22089117568290445,0.27487500000000004
BEN,2000,2009,27.918475000000008,0.41496464646464554,0.16575462945212524,0.31220833333333337
BFA,1960,1969,28.117783333333335,0.40331313131313196,0.2405373010002093,0.26348333333333335
BFA,1970,1979,28.284991666666667,-0.11048989898990004,0.31265330855225526,0.24708333333333332
BFA,1980,1989,28.51414166666667,-0.06024747474747576,0.31348466452961965,0.28715833333333335
BFA,1990,1999,28.528008333333332,0.21261111111111122,0.28301356538035527,0.3011166666666667
BFA,2000,2009,28.888883333333332,0.18854545454545008,0.21881030219017678,0.3063666666666667
BGD,1960,1969,25.170716666666667,-0.13977777777777656,0.19469326249489435,0.26129166666666664
BGD,1970,1979,25.14134166666667,0.42274242424242353,0.23199664651781288,0.294075
BGD,1980,1989,25.29443333333333,0.5153030303030284,0.19312786553651215,0.28526666666666667
BGD,1990,1999,25.275833333333335,0.4103737373737399,0.22449629387022538,0.22388333333333335
BGD,2000,2009,25.44705,0.5198484848484815,0.16513434409391262,0.2977916666666666
BGR,1960,1969,10.833250000000001,-0.4586060606060618,0.4400143806955123,0.31370000000000003
BGR,1970,1979,10.627108333333332,-0.02399494949494981,0.3961666297552236,0.2771666666666667
BGR,1980,1989,10.622191666666666,0.47320707070707096,0.26818865752151877,0.2813
BGR,1990,1999,11.006483333333332,0.11622222222222355,0.6778246182205572,0.25494999999999995
BGR,2000,2009,11.550058333333334,0.341449494949495,0.49172791559566437,0.2509
BHR,1960,1969,26.101808333333338,0.07279292929292691,0.4384672441962706,0.5091833333333333
BHR,1970,1979,26.064025000000004,0.7495707070707064,0.356073661367267,0.4575083333333333
BHR,1980,1989,26.202908333333333,0.2166515151515202,0.41566325371412793,0.4649916666666667
BHR,1990,1999,26.48645,1.9247676767676734,0.5160637192598662,0.396675
BHR,2000,2009,27.2053,-0.09067676767676836,0.14405908528230862,0.37464166666666665
BHS,1960,1969,25.180116666666667,-0.1696363636363638,0.17080787229168437,0.3586083333333333
BHS,1970,1979,25.380591666666668,0.24197474747474657,0.18614212350288226,0.28683333333333333
BHS,1980,1989,25.51425,0.12249494949494902,0.19800416681176894,0.3266083333333334
BHS,1990,1999,25.8156,0.10120202020201696,0.2997364737003027,0.316675
BHS,2000,2009,25.839725000000005,0.19783333333333164,0.22195425927401474,0.32614166666666666
BIH,1960,1969,10.553733333333335,-0.45366666666666644,0.413531999747074,0.3789083333333333
BIH,1970,1979,10.505658333333335,0.10805555555555676,0.39278113676598164,0.32295833333333335
BIH,1980,1989,10.59435,0.7522727272727265,0.3256122532677703,0.28846666666666665
BIH,1990,1999,11.067466666666668,-0.18862626262626417,0.5625664598640195,0.3301583333333334
BIH,2000,2009,11.5173,0.05420202020202056,0.5887343853604942,0.3252333333333334
BLM,1960,1969,26.82451666666667,-0.3831515151515186,0.19652735114348563,0.35830833333333334
BLM,1970,1979,26.748399999999997,0.15963636363636516,0.2400512064246888,0.3485083333333333
BLM,1980,1989,27.048000000000002,-0.14423232323232413,0.21073963294046585,0.31251666666666666
BLM,1990,1999,27.266525,0.514823232323232,0.1753312746056579,0.2825583333333333
BLM,2000,2009,27.467358333333333,0.17423737373737228,0.22859127260699108,0.2679833333333333
BLR,1960,1969,5.878433333333334,-1.1361818181818175,0.7389471999092003,0.28679166666666667
BLR,1970,1979,6.164141666666667,-0.8569949494949496,0.8247492863046366,0.24841666666666667
BLR,1980,1989,6.148691666666666,0.5681969696969702,1.1794145027768097,0.22271666666666667
BLR,1990,1999,6.779725000000001,-0.4666212121212123,0.6621371064419157,0.20791666666666667
BLR,2000,2009,7.355025,0.17234848484848506,0.5064416645814385,0.21466666666666664
BLZ,1960,1969,25.274458333333335,0.001974747474746066,0.2179192129024839,0.43204166666666666
BLZ,1970,1979,25.292375,0.03684343434343529,0.22971717176343873,0.38689166666666663
BLZ,1980,1989,25.474691666666665,-0.24526767676767922,0.1934487993077503,0.34573333333333334
BLZ,1990,1999,25.77119166666667,0.16609595959595724,0.2842766776926755,0.36151666666666665
BLZ,2000,2009,25.71243333333333,0.34372727272727305,0.17896437150516353,0.30357500000000004
BOL,1960,1969,21.189075,0.7010757575757594,0.29024636647987345,0.40494166666666676
BOL,1970,1979,21.113666666666667,-0.12878787878787942,0.26277836424433204,0.33719166666666667
BOL,1980,1989,21.363808333333335,0.44336868686868813,0.2330478014064217,0.32274166666666665
BOL,1990,1999,21.46904166666667,-0.26042929292929073,0.3048601969184724,0.3089666666666667
BOL,2000,2009,21.328916666666665,0.026383838383838978,0.18104866957211982,0.3078416666666666
BRA,1960,1969,24.964499999999997,0.12215151515151426,0.2125377600306189,0.26784166666666664
BRA,1970,1979,24.90479166666667,-0.06480303030303311,0.23999248298880818,0.2319833333333333
BRA,1980,1989,25.153125000000003,-0.016358585858585017,0.19983469871078294,0.21573333333333333
BRA,1990,1999,25.432500000000005,0.38545454545454266,0.18240593604663782,0.18735
BRA,2000,2009,25.56206666666667,0.1402424242424238,0.17718241589301018,0.18401666666666666
BRB,1960,1969,26.767599999999998,-0.1873131313131318,0.1936355515251277,0.3438166666666667
BRB,1970,1979,26.63465,0.16365656565656433,0.2155480296292843,0.30513333333333337
BRB,1980,1989,26.899716666666666,-0.16302020202019982,0.2530783602840641,0.27196666666666663
BRB,1990,1999,27.110741666666666,0.5349040404040405,0.16476239393530875,0.2453
BRB,2000,2009,27.29255,0.20473737373737086,0.21892318577553332,0.2311583333333333
BTN,1960,1969,11.975791666666666,-0.21471212121212283,0.29729483881167956,0.34683333333333327
BTN,1970,1979,12.140249999999998,0.17465656565656573,0.2058875921660435,0.36272499999999996
BTN,1980,1989,12.199641666666666,0.39987373737373744,0.2220194078069479,0.35379166666666667
BTN,1990,1999,12.220116666666666,0.5696767676767662,0.3215962981798653,0.32100000000000006
BTN,2000,2009,12.461566666666666,0.906606060606062,0.2030355955451202,0.36008333333333337
BWA,1960,1969,22.05786666666667,-0.007838383838379207,0.2953568166623149,0.33815
BWA,1970,1979,21.952958333333335,-0.6261363636363622,0.49567863840410337,0.3281833333333333
BWA,1980,1989,22.351241666666663,0.47986363636364016,0.4414735362953913,0.379075
BWA,1990,1999,22.71541666666667,0.1209898989898942,0.44331696536538145,0.3426083333333333
BWA,2000,2009,22.4974,-0.27546464646464586,0.5606700328758949,0.36178333333333335
CAF,1960,1969,25.2519,0.0637979797979796,0.1374141986827642,0.29155833333333336
CAF,1970,1979,25.40305833333333,0.18202525252525426,0.21345408334749152,0.25810000000000005
CAF,1980,1989,25.473958333333332,0.024489898989901088,0.22103946282609815,0.357225
CAF,1990,1999,25.700483333333334,0.3588181818181829,0.2781195115601159,0.5061583333333334
CAF,2000,2009,26.038241666666664,0.7207727272727305,0.17053345849354226,0.49804166666666666
CAN,1960,1969,-4.950608333333333,-0.09643939393939392,0.3999065399723818,0.2518166666666667
CAN,1970,1979,-5.047933333333334,0.6990202020202028,0.7758396494708064,0.242725
CAN,1980,1989,-4.483224999999999,-0.15741919191919113,0.8633464610149864,0.24819166666666667
CAN,1990,1999,-4.243991666666667,1.916176767676768,0.5380434479133626,0.23377499999999998
CAN,2000,2009,-3.853158333333334,-0.12283333333333354,0.7105525699268352,0.22860833333333336
CHE,1960,1969,7.079491666666667,-0.25304545454545463,0.5694274801365664,0.2828833333333333
CHE,1970,1979,7.129533333333333,0.07965656565656584,0.29793493778196123,0.27412499999999995
CHE,1980,1989,7.331475,0.8951666666666659,0.46807499201319025,0.22393333333333337
CHE,1990,1999,7.895841666666667,-0.09317676767676819,0.5052192364137559,0.22924166666666665
CHE,2000,2009,8.241783333333334,-0.14407070707070674,0.35374011983547965,0.2139083333333333
CHL,1960,1969,9.666174999999999,0.13355050505050642,0.15902434808764004,0.33199166666666663
CHL,1970,1979,9.563841666666667,0.5419646464646461,0.23761193325838312,0.2848583333333333
CHL,1980,1989,9.956058333333335,-0.014328282828281982,0.25368209803796854,0.26345833333333335
CHL,1990,1999,9.929525,0.37097474747474757,0.19675374175666588,0.29455
CHL,2000,2009,9.912308333333332,0.30200505050504994,0.23894758080197945,0.30557500000000004
CHN,1960,1969,6.7791250000000005,-0.4789343434343434,0.17037724027285114,0.21421666666666664
CHN,1970,1979,6.86435,0.2653030303030301,0.23146010757213983,0.190275
CHN,1980,1989,6.978924999999999,0.31646969696969623,0.21955901068980116,0.179375
CHN,1990,1999,7.344066666666666,0.6612626262626264,0.35518326017303425,0.16601666666666665
CHN,2000,2009,7.672875,0.4584595959595966,0.221098388463642,0.17675
CIV,1960,1969,26.07244166666667,0.06500505050504904,0.19643029992631833,0.27443333333333336
CIV,1970,1979,26.120675,0.03795454545454689,0.28443776827905465,0.22541666666666668
CIV,1980,1989,26.380808333333334,0.2964696969696984,0.26499480470522985,0.26935
CIV,1990,1999,26.43854166666667,0.3710555555555555,0.20634394630556704,0.28051666666666664
CIV,2000,2009,26.795683333333336,0.3575656565656568,0.12633281902770407,0.37828333333333336
CMR,1960,1969,24.41811666666667,0.11691919191919066,0.12351052344404341,0.24441666666666667
CMR,1970,1979,24.503425,0.13787373737373582,0.24204553604027082,0.243075
CMR,1980,1989,24.5322,0.04156565656565795,0.2514423349998039,0.30265000000000003
CMR,1990,1999,24.753008333333334,0.2984898989899001,0.24073862034160798,0.4182166666666666
CMR,2000,2009,25.069783333333334,0.7679595959595936,0.12906981376628754,0.4580416666666666
COD,1960,1969,23.755425000000002,0.0547929292929301,0.11436670028599415,0.2523166666666667
COD,1970,1979,23.893324999999997,0.24967171717171663,0.21367283116607483,0.2217083333333333
COD,1980,1989,24.122983333333334,0.06890909090909288,0.23681861680855223,0.32838333333333336
COD,1990,1999,24.26676666666667,0.33728282828283107,0.21285946810335182,0.3731583333333333
COD,2000,2009,24.491733333333332,0.1842323232323263,0.21109877812637873,0.43771666666666675
COG,1960,1969,24.537858333333332,0.045186868686867124,0.1263245500205619,0.22407499999999997
COG,1970,1979,24.582158333333332,0.14566161616161413,0.23509051464238706,0.22559999999999997
COG,1980,1989,24.713366666666666,0.19657575757575915,0.2038981632355207,0.24750833333333336
COG,1990,1999,24.883900000000004,0.4981111111111117,0.2420521697499486,0.2932166666666667
COG,2000,2009,25.11745,0.6493737373737352,0.08543837486597075,0.39669999999999994
COL,1960,1969,25.01265,0.013373737373738,0.12612677156209398,0.27290000000000003
COL,1970,1979,24.936550000000004,0.38971717171716613,0.24430253598186097,0.2447
COL,1980,1989,25.2022,-0.25266666666667037,0.27164804469236326,0.2477333333333333
COL,1990,1999,25.343600000000002,0.061686868686865806,0.2840684846563145,0.2633833333333333
COL,2000,2009,25.463575,0.1626919191919203,0.20789511694201948,0.25734166666666664
COM,1960,1969,25.738774999999997,0.008277777777777398,0.30169265763485603,0.27956666666666663
COM,1970,1979,25.77938333333334,0.3234141414141405,0.2205495759479125,0.28556666666666664
COM,1980,1989,26.011374999999997,0.09686363636363744,0.26289983055049554,0.31195833333333334
COM,1990,1999,26.277750000000005,0.2461313131313139,0.17329117175869793,0.36064166666666664
COM,2000,2009,26.4594,0.20716161616161538,0.2128705239138697,0.33760833333333334
CPV,1960,1969,24.273333333333333,0.2193939393939388,0.3288496367854421,0.49523333333333336
CPV,1970,1979,24.300975,0.4319242424242449,0.3708407991530841,0.6608583333333333
CPV,1980,1989,24.53271666666667,0.0226565656565674,0.24818437924607428,0.7502083333333334
CPV,1990,1999,24.86723333333334,0.6243535353535339,0.3079022511429311,0.6731083333333334
CPV,2000,2009,24.93886666666667,-0.23327272727272794,0.19983370394205427,0.7236666666666667
CRI,1960,1969,25.746858333333336,-0.13426767676767265,0.1793168887628428,0.42460000000000003
CRI,1970,1979,25.762949999999996,0.3599191919191914,0.2292023669570323,0.40157500000000007
CRI,1980,1989,26.015525000000004,0.12965151515151238,0.35781038032174683,0.3645333333333333
CRI,1990,1999,26.35871666666667,0.11973737373737603,0.3313743991966609,0.3679
CRI,2000,2009,26.34803333333333,0.22532323232323373,0.18967986754302918,0.34849166666666664
CUB,1960,1969,25.527566666666665,-0.1445656565656597,0.17472118262338315,0.32133333333333336
CUB,1970,1979,25.625250000000005,0.1605353535353565,0.13548705564200406,0.265625
CUB,1980,1989,25.811266666666665,0.12957575757575637,0.16528021057542244,0.281575
CUB,1990,1999,26.106958333333335,0.1334797979797972,0.277197933626918,0.31572500000000003
CUB,2000,2009,26.124033333333337,0.15830303030302975,0.1884847357077954,0.3462833333333334
CUW,1960,1969,27.646449999999998,0.0668080808080787,0.20466481183606242,0.3580583333333333
CUW,1970,1979,27.594675000000002,0.2690151515151519,0.294200595662579,0.33385833333333326
CUW,1980,1989,27.793625000000002,-0.2577020202020207,0.308888695482947,0.3153666666666667
CUW,1990,1999,27.956141666666667,0.3539747474747463,0.20976237515591586,0.3378333333333333
CUW,2000,2009,28.090475000000005,0.3683484848484869,0.21183360301132345,0.36113333333333336
CYM,1960,1969,26.8625,-0.37025252525252694,0.1754230214038573,0.35905000000000004
CYM,1970,1979,26.936600000000006,0.20875757575757156,0.11740844942128545,0.31905
CYM,1980,1989,27.130625,0.12296464646464586,0.1586696436839329,0.31301666666666667
CYM,1990,1999,27.409550000000003,0.19620202020201968,0.23376661285045863,0.34259999999999996
CYM,2000,2009,27.491041666666668,0.18159090909091039,0.1763536093725352,0.405725
CYP,1960,1969,19.246175,-0.7783383838383829,0.4660977707144127,0.32710833333333333
CYP,1970,1979,18.98910833333333,0.34563131313131246,0.2911883336289436,0.3287833333333333
CYP,1980,1989,18.95406666666667,0.3284545454545467,0.2656612409620481,0.27879166666666666
CYP,1990,1999,19.25460833333333,1.1560656565656569,0.491443429537003,0.27634166666666665
CYP,2000,2009,19.788841666666666,0.47614646464646493,0.21503866425153073,0.27702499999999997
CZE,1960,1969,7.711333333333333,0.1222929292929291,0.646122275511442,0.2864749999999999
CZE,1970,1979,7.921016666666665,0.18147474747474684,0.4364796030124043,0.2766166666666666
CZE,1980,1989,7.909699999999999,0.7467272727272727,0.7093986498552036,0.23354166666666668
CZE,1990,1999,8.442733333333333,-0.23391919191919197,0.7544166624856516,0.21584166666666665
CZE,2000,2009,8.973375,0.17356060606060517,0.48965534487235524,0.22031666666666666
DEU,1960,1969,8.197700000000001,0.07523232323232398,0.6667271639147143,0.22174166666666667
DEU,1970,1979,8.426775000000001,0.02148989898989807,0.46515919084777135,0.208025
DEU,1980,1989,8.459283333333333,0.7555757575757561,0.7262091168122237,0.18660833333333332
DEU,1990,1999,9.0448,-0.17907070707070818,0.7321789208059584,0.18703333333333333
DEU,2000,2009,9.512908333333334,0.025580808080808606,0.35320404782706216,0.19122500000000003
DJI,1960,1969,28.751958333333334,-0.007712121212117772,0.2359381959225204,0.6497833333333334
DJI,1970,1979,28.88019166666667,0.1383686868686858,0.22993272625827726,0.6308916666666666
DJI,1980,1989,29.023300000000006,-0.16043434343434196,0.3074353038283505,0.7378
DJI,1990,1999,29.22409166666667,0.4167525252525285,0.23936871389457995,0.8014083333333334
DJI,2000,2009,29.67755833333333,0.05862121212121234,0.18814871370278755,0.7277416666666665
DMA,1960,1969,26.388199999999994,-0.23352525252525316,0.1854062856524736,0.37602499999999994
DMA,1970,1979,26.278991666666666,0.1205707070707086,0.21048155802850874,0.30630833333333335
DMA,1980,1989,26.544400000000003,-0.11994949494949696,0.2319882348831609,0.2669916666666666
DMA,1990,1999,26.77110833333333,0.5278232323232311,0.16500644204567688,0.26925
DMA,2000,2009,26.94964166666667,0.19621717171717043,0.21690333601304418,0.23949166666666666
DNK,1960,1969,7.802875,0.02957070707070752,0.6027108658497194,0.27654999999999996
DNK,1970,1979,8.125108333333333,-0.49677272727272737,0.6716558649322343,0.2583333333333333
DNK,1980,1989,8.040058333333333,0.8211666666666666,0.8439874359108127,0.2338
DNK,1990,1999,8.729600000000001,-0.5575555555555548,0.6887444291485251,0.23734166666666665
DNK,2000,2009,9.303258333333334,0.446136363636364,0.364842539064302,0.23148333333333332
DOM,1960,1969,25.821808333333337,0.004590909090911203,0.1572823310160157,0.3016416666666667
DOM,1970,1979,25.692924999999995,0.32622727272727364,0.19474845274991148,0.292475
DOM,1980,1989,26.045433333333335,-0.206595959595962,0.20657987089799393,0.32787499999999997
DOM,1990,1999,26.21379166666667,0.490601010101009,0.25468962530413597,0.4500916666666666
DOM,2000,2009,26.414258333333333,0.252015151515154,0.2225858040836695,0.36007500000000003
DZA,1960,1969,23.232308333333332,-0.2224494949494948,0.19356294494316192,0.4134833333333333
DZA,1970,1979,22.929833333333335,0.4193838383838371,0.38124222203862074,0.39743333333333336
DZA,1980,1989,23.515033333333335,0.7081515151515148,0.30981614977443456,0.34559166666666663
DZA,1990,1999,23.651741666666666,0.9577727272727315,0.3657654112721061,0.353425
DZA,2000,2009,24.19226666666667,-0.3382222222222224,0.21432521536764434,0.37592499999999995
ECU,1960,1969,21.997658333333334,0.36096464646464665,0.17165764618406343,0.29845
ECU,1970,1979,21.99216666666667,0.2831313131313084,0.2915917379303741,0.29149166666666665
ECU,1980,1989,22.257783333333332,-0.31622222222222157,0.38183015151904043,0.3169083333333333
ECU,1990,1999,22.492716666666666,0.054191919191919,0.39548735837696364,0.24640833333333334
ECU,2000,2009,22.473583333333337,0.20873737373737444,0.2379889388932616,0.3747416666666667
EGY,1960,1969,23.003408333333333,-0.306126262626264,0.5564585399115362,0.32232500000000003
EGY,1970,1979,22.829458333333335,0.5391060606060568,0.2272597862926229,0.33675833333333327
EGY,1980,1989,22.833266666666667,0.29960606060606404,0.33078009782949513,0.32782500000000003
EGY,1990,1999,23.235899999999997,0.7459898989898955,0.27785740968004435,0.3566083333333333
EGY,2000,2009,23.54746666666667,0.5515555555555544,0.21048800758582073,0.33647499999999997
ERI,1960,1969,26.73786666666667,-0.16069696969696876,0.30025304488915167,0.5133333333333334
ERI,1970,1979,26.830091666666668,0.2639747474747448,0.23322626184938175,0.4164333333333333
ERI,1980,1989,26.922783333333335,-0.14531313131313212,0.25964093313674524,0.54935
ERI,1990,1999,27.151316666666663,0.4505151515151514,0.31363369920711465,0.6268333333333332
ERI,2000,2009,27.622883333333334,0.30869696969696986,0.16777337349560723,0.47236666666666666
ESH,1960,1969,22.589075,-0.25610606060606067,0.26082949879390127,0.4591833333333333
ESH,1970,1979,22.293024999999997,0.6749141414141425,0.5507162012125353,0.43340000000000006
ESH,1980,1989,22.917941666666668,0.35471212121212187,0.43680250065575876,0.6047666666666667
ESH,1990,1999,23.082625,0.612702020202023,0.42128252809855105,0.5484
ESH,2000,2009,23.381149999999998,-0.04849494949494987,0.18859054972397976,0.657275
ESP,1960,1969,13.816308333333334,-0.5619040404040397,0.34903901516823976,0.24853333333333333
ESP,1970,1979,13.427266666666668,0.555414141414141,0.2581152801718867,0.22478333333333333
ESP,1980,1989,14.131899999999998,0.8049999999999993,0.3901457839270459,0.215675
ESP,1990,1999,14.4124,0.5078686868686868,0.49181356088084094,0.2192416666666667
ESP,2000,2009,14.59745,-0.0006565656565667819,0.3272642082900056,0.230825
EST,1960,1969,4.795241666666667,-1.2827121212121213,0.6993406997979875,0.30785833333333334
EST,1970,1979,5.174225,-1.010823232323232,0.9810763165419579,0.293375
EST,1980,1989,5.168525,0.6833383838383846,1.1540783821352254,0.2723583333333333
EST,1990,1999,5.809791666666667,-0.7490656565656567,0.6577064683028725,0.26114166666666666
EST,2000,2009,6.349008333333333,0.3822676767676764,0.5192343009180983,0.24069166666666666
ETH,1960,1969,22.896683333333335,-0.04117171717171818,0.15871094954955403,0.415825
ETH,1970,1979,23.080866666666672,0.14838383838383823,0.22752111572228578,0.3343083333333333
ETH,1980,1989,23.284891666666667,-0.23289393939394254,0.2692161133971782,0.3508833333333334
ETH,1990,1999,23.354408333333332,0.2886818181818184,0.16013122144294087,0.5401666666666667
ETH,2000,2009,23.815833333333337,0.2164444444444424,0.17081274522131407,0.48266666666666663
FIN,1960,1969,1.2669833333333336,-1.7938181818181818,0.7718257123878618,0.27779166666666666
FIN,1970,1979,1.6026583333333335,-0.948368686868687,1.0749677187054898,0.2488833333333333
FIN,1980,1989,1.4020333333333335,1.0298383838383838,1.1872970298589394,0.23870833333333336
FIN,1990,1999,2.1301916666666663,-0.9149444444444449,0.4256797647761961,0.22657500000000003
FIN,2000,2009,2.788558333333334,0.21092424242424235,0.4833775447676838,0.2343916666666667
FJI,1960,1969,25.03308333333333,-0.3387272727272733,0.2179369768943943,0.3108416666666667
FJI,1970,1979,25.35403333333333,-0.24557575757576164,0.22179348749292935,0.30186666666666667
FJI,1980,1989,25.380325,0.2174494949494957,0.2386960398865845,0.25598333333333334
FJI,1990,1999,25.465325,0.5734090909090956,0.24358330992096644,0.24073333333333333
FJI,2000,2009,25.65441666666667,-0.19614141414141895,0.21823976865741948,0.30242500000000005
FLK,1960,1969,6.271958333333334,-0.0385909090909091,0.33013089975162757,0.7115416666666667
FLK,1970,1979,6.310250000000001,0.5558989898989897,0.24422729936696122,0.6395166666666665
FLK,1980,1989,6.606216666666667,0.456959595959596,0.36815582513217177,0.6315000000000001
FLK,1990,1999,6.664250000000001,0.678717171717172,0.4571883210202241,0.5527333333333333
FLK,2000,2009,6.649883333333333,0.3389898989898987,0.37227257659803986,0.45752499999999996
FRA,1960,1969,10.452541666666667,-0.14326767676767643,0.5552504703889865,0.24975
FRA,1970,1979,10.503775,0.03532828282828386,0.24891607195456764,0.21578333333333335
FRA,1980,1989,10.775158333333334,0.7394191919191933,0.5256199050517469,0.18815833333333332
FRA,1990,1999,11.319208333333336,0.27113636363636207,0.5135995319670886,0.184525
FRA,2000,2009,11.569083333333335,-0.23840404040404045,0.290154388190422,0.186225
FRO,1960,1969,6.7563,-0.9947070707070703,0.29715947702980466,0.5381666666666667
FRO,1970,1979,6.842791666666666,-0.6927222222222227,0.4693347193704983,0.3716416666666667
FRO,1980,1989,6.811866666666667,0.4343232323232329,0.3449586707977471,0.34055
FRO,1990,1999,7.108833333333334,-0.26510101010101006,0.3483724911402159,0.3677833333333333
FRO,2000,2009,7.652716666666666,0.4039494949494947,0.34697110174363593,0.35008333333333336
FSM,1960,1969,26.767691666666668,-0.12856060606060238,0.11060814621436629,0.36689166666666667
FSM,1970,1979,26.97705833333334,0.603095959595959,0.16231325786119843,0.459475
FSM,1980,1989,27.350616666666667,-0.042747474747474666,0.14537328394644072,0.34295
FSM,1990,1999,27.228458333333332,0.08658080808080995,0.15278215050369154,0.3303583333333334
FSM,2000,2009,27.526883333333338,-0.09226262626263115,0.12043163179486999,0.43254166666666666
GAB,1960,1969,24.38736666666667,-0.00884848484848382,0.15317587243303998,0.2307
GAB,1970,1979,24.345374999999997,0.12858080808080594,0.2568203562591476,0.25027499999999997
GAB,1980,1989,24.501241666666665,0.28081313131312996,0.2196540214977174,0.25640833333333335
GAB,1990,1999,24.683325000000004,0.593419191919191,0.2529852628683779,0.3319416666666667
GAB,2000,2009,24.913450000000005,0.6883838383838374,0.09132355861864519,0.39164999999999994
GBR,1960,1969,8.638275,-0.07343939393939321,0.4331912612219944,0.24694166666666667
GBR,1970,1979,8.8731,-0.49221212121212154,0.31824955298348184,0.22690833333333332
GBR,1980,1989,8.856566666666666,0.26310101010100984,0.49963113800555065,0.18971666666666664
GBR,1990,1999,9.3704,0.4327878787878781,0.4322327407447489,0.19376666666666664
GBR,2000,2009,9.773008333333333,0.19299494949494986,0.25693044300736007,0.1960583333333333
GEO,1960,1969,8.674041666666668,-0.7344090909090907,0.842563690039684,0.36359166666666665
GEO,1970,1979,8.484458333333333,0.1303282828282826,0.5914060195949091,0.32815833333333333
GEO,1980,1989,8.5818,-0.3581212121212126,0.41748281647064284,0.3459249999999999
GEO,1990,1999,8.793249999999999,1.636616161616162,0.696864354647679,0.3501416666666667
GEO,2000,2009,9.360591666666666,0.11442929292929395,0.27231075687006095,0.3702
GGY,1960,1969,10.945849999999998,0.1431111111111112,0.5641883726699501,0.3057166666666667
GGY,1970,1979,11.08095,-0.16627272727272688,0.28708581271255895,0.2623666666666667
GGY,1980,1989,11.235033333333332,0.4667979797979796,0.5764857471171819,0.23740833333333336
GGY,1990,1999,11.743841666666665,0.5824696969696973,0.530419531931184,0.22789166666666666
GGY,2000,2009,12.01855,-0.15840404040404066,0.1924814882193756,0.2308583333333334
GHA,1960,1969,26.757808333333333,0.16356060606060674,0.17752930544822587,0.25875833333333337
GHA,1970,1979,26.860966666666666,-0.05108080808080774,0.307525992106642,0.24053333333333332
GHA,1980,1989,27.125225,0.25879292929292835,0.269617342874584,0.2769083333333333
GHA,1990,1999,27.13018333333333,0.3215353535353516,0.20139151636507222,0.2952
GHA,2000,2009,27.461091666666665,0.2964292929292876,0.10426582763934904,0.29183333333333333
GIN,1960,1969,25.564858333333333,0.18157070707070833,0.20308833335928422,0.282925
GIN,1970,1979,25.648208333333333,0.021853535353536062,0.26392377598558653,0.2865083333333333
GIN,1980,1989,25.886041666666664,-0.060479797979797884,0.24916669012683412,0.2924583333333334
GIN,1990,1999,26.002325000000003,0.19255050505050303,0.20751781884106,0.4112
GIN,2000,2009,26.3145,0.08795959595959602,0.1654619175117092,0.4976416666666667
GLP,1960,1969,26.573716666666666,-0.33801010101009993,0.1852537590375992,0.372275
GLP,1970,1979,26.484866666666665,0.12616161616161792,0.23033738354858418,0.29488333333333333
GLP,1980,1989,26.765175,-0.18105555555555694,0.23226773300275474,0.25926666666666665
GLP,1990,1999,26.99,0.5548383838383849,0.18127224618047855,0.2453666666666666
GLP,2000,2009,27.187316666666668,0.1538484848484818,0.23159487642111531,0.24108333333333337
GMB,1960,1969,27.609725000000005,0.07640909090909251,0.3482499149386407,0.36139166666666667
GMB,1970,1979,27.67425833333333,0.08954040404040467,0.3845863717287589,0.35912499999999997
GMB,1980,1989,28.012916666666673,-0.0793333333333334,0.31343069950957464,0.34501666666666664
GMB,1990,1999,28.17825833333334,0.2485909090909114,0.28071909015198276,0.3996416666666667
GMB,2000,2009,28.31548333333334,-0.16876767676767243,0.20232919405865557,0.48425
GNB,1960,1969,26.833733333333335,0.11579797979798072,0.2745014784859698,0.3453166666666667
GNB,1970,1979,26.900433333333336,-4.040404040150599e-05,0.29408677622280277,0.3456916666666666
GNB,1980,1989,27.233366666666672,-0.06599999999999927,0.23617707836637997,0.36759166666666665
GNB,1990,1999,27.40230833333333,0.22232828282828213,0.22040575674352647,0.43706666666666677
GNB,2000,2009,27.5568,-0.10656565656565654,0.21389446815933902,0.5233333333333334
GNQ,1960,1969,25.064149999999998,0.07777777777777443,0.1450822322520106,0.25048333333333334
GNQ,1970,1979,25.040200000000002,0.09655555555555567,0.247257199356752,0.257
GNQ,1980,1989,25.143725,0.2004292929292885,0.22032954100728028,0.32245833333333335
GNQ,1990,1999,25.338983333333335,0.5076767676767693,0.24869830002453094,0.3946666666666667
GNQ,2000,2009,25.59605,0.6775959595959617,0.09021791094507467,0.39785
GRC,1960,1969,15.156308333333333,-0.4755202020202032,0.33295030765865985,0.292825
GRC,1970,1979,14.792708333333334,0.07066161616161526,0.323586291963098,0.26383333333333336
GRC,1980,1989,14.898716666666667,0.3972727272727275,0.17865974964938577,0.26478333333333337
GRC,1990,1999,15.199324999999998,0.6335707070707074,0.5093778992995283,0.26552499999999996
GRC,2000,2009,15.663783333333331,0.2820202020202014,0.3239160837062224,0.2471666666666667
GRD,1960,1969,27.056875,-0.20367171717171573,0.20959114170155382,0.3143583333333334
GRD,1970,1979,26.93578333333333,0.2782020202020176,0.21906580968954079,0.306825
GRD,1980,1989,27.181841666666667,-0.1876010101010098,0.2863087278532878,0.28861666666666663
GRD,1990,1999,27.38876666666667,0.583555555555554,0.17620312994982637,0.21960833333333332
GRD,2000,2009,27.56535833333333,0.22617676767676617,0.19087956254679286,0.232525
GRL,1960,1969,-18.235008333333333,-0.9233383838383848,0.5616966711522011,0.9297666666666669
GRL,1970,1979,-18.74795,0.9684646464646497,0.5085545726445202,0.870325
GRL,1980,1989,-18.627225,-0.19826767676767484,0.9262266414591374,0.86945
GRL,1990,1999,-18.323375000000006,1.4857929292929315,0.6095501616288139,0.6553333333333333
GRL,2000,2009,-17.038825,-0.04752020202020298,0.4877793441125157,0.74215
GTM,1960,1969,23.30385833333333,0.01613636363636597,0.2109979277933993,0.31395
GTM,1970,1979,23.408700000000003,0.05526262626262565,0.23028109869951696,0.28124166666666667
GTM,1980,1989,23.53685,-0.20231313131312934,0.21202326325221932,0.30370833333333336
GTM,1990,1999,23.827833333333338,0.10686868686868656,0.2800540114786867,0.3014833333333334
GTM,2000,2009,23.763558333333336,0.20615656565656404,0.18786448357307514,0.28236666666666665
GUF,1960,1969,25.991683333333334,0.1318888888888831,0.18924046067036657,0.294325
GUF,1970,1979,25.869775000000004,0.34804545454545466,0.21173270013750758,0.25271666666666665
GUF,1980,1989,26.104591666666664,-0.04484343434343365,0.2930776847725442,0.2508916666666667
GUF,1990,1999,26.385583333333336,0.5462525252525283,0.20044376621328847,0.2529666666666667
GUF,2000,2009,26.600708333333337,0.3885303030303033,0.2655949266068201,0.3485083333333333
GUM,1960,1969,26.877783333333333,-0.09766666666667073,0.10333778962911876,0.5371916666666667
GUM,1970,1979,27.068666666666665,0.24728282828283282,0.13616637454343689,0.49175
GUM,1980,1989,27.44195,0.13848484848484718,0.1904473244481277,0.4845750000000001
GUM,1990,1999,27.348658333333333,0.461550505050507,0.09642477436768612,0.35159166666666664
GUM,2000,2009,27.44616666666667,-0.07482828282828191,0.08864223807597933,0.310925
GUY,1960,1969,26.263516666666664,0.12743434343434284,0.22199155665298415,0.35649999999999993
GUY,1970,1979,26.084316666666666,0.403343434343433,0.21365228903040404,0.3372583333333333
GUY,1980,1989,26.325558333333333,0.009328282828285885,0.30801771445892795,0.3595083333333334
GUY,1990,1999,26.592575,0.3485707070707034,0.2315563223190216,0.35938333333333333
GUY,2000,2009,26.777258333333332,0.41323737373737246,0.19909857003779777,0.38476666666666665
HKG,1960,1969,22.969875000000002,-0.36576262626262857,0.25986839826777036,0.30907500000000004
HKG,1970,1979,22.917783333333336,0.3097474747474712,0.2568721051686366,0.2503
HKG,1980,1989,22.969633333333338,0.040727272727273625,0.3042954541703367,0.23270833333333335
HKG,1990,1999,23.084841666666666,0.3234090909090898,0.36022263586644887,0.26386666666666664
HKG,2000,2009,23.324975000000002,-0.11426767676767598,0.22431462896660384,0.23665833333333333
HND,1960,1969,24.872566666666664,0.010606060606058496,0.17773872827129517,0.32660000000000006
HND,1970,1979,24.95475833333333,0.3078939393939402,0.20967797171804534,0.29513333333333336
HND,1980,1989,25.122149999999998,-0.05140404040403938,0.2370221368751746,0.35114999999999996
HND,1990,1999,25.514566666666667,0.4318181818181822,0.29761778308629844,0.3433
HND,2000,2009,25.397983333333336,0.18157575757575597,0.18495998194592417,0.30641666666666667
HRV,1960,1969,11.428099999999999,-0.24096969696969694,0.4811464285623395,0.30535
HRV,1970,1979,11.465258333333333,0.09459090909090902,0.3886344793011594,0.26494166666666674
HRV,1980,1989,11.5285,0.7161515151515132,0.3985271422134356,0.24658333333333332
HRV,1990,1999,12.061066666666667,-0.17828282828282718,0.5798917997846994,0.262575
HRV,2000,2009,12.555933333333332,0.007232323232324104,0.5796303989382919,0.24475000000000002
HTI,1960,1969,26.558533333333333,0.02272727272727359,0.13618359964198276,0.3585166666666666
HTI,1970,1979,26.460416666666667,0.31317171717171516,0.1633831483392397,0.322925
HTI,1980,1989,26.779025,-0.16188383838383638,0.1902719190034147,0.3560083333333333
HTI,1990,1999,26.974533333333333,0.4505252525252521,0.2828445124597288,0.49176666666666674
HTI,2000,2009,27.11374166666667,0.25289393939394095,0.20448818592236068,0.38164166666666666
HUN,1960,1969,9.860400000000002,-0.04597979797979884,0.5838720868918784,0.31256666666666666
HUN,1970,1979,9.981349999999999,0.0029393939393927947,0.43000605720292023,0.26881666666666665
HUN,1980,1989,9.885933333333336,0.6232323232323234,0.5526775484145444,0.26409999999999995
HUN,1990,1999,10.381166666666669,-0.4104747474747491,0.6527290201792302,0.2584916666666667
HUN,2000,2009,10.975666666666667,0.31990909090909336,0.6353050661061993,0.265675
IDN,1960,1969,25.880925,0.1467727272727281,0.11802232723102972,0.23250833333333337
IDN,1970,1979,25.966083333333337,-0.04696969696969451,0.13682130786611846,0.23590833333333333
IDN,1980,1989,26.073874999999997,0.21589393939394214,0.1581757099521136,0.21874166666666667
IDN,1990,1999,26.241108333333337,0.3151969696969725,0.17607209848934616,0.183175
IDN,2000,2009,26.35781666666666,-0.04973737373737359,0.14093157160496878,0.192275
IMN,1960,1969,9.337,-0.06848484848485015,0.42177922234481363,0.2893833333333333
IMN,1970,1979,9.594966666666668,-0.5833636363636365,0.31994771502219477,0.27795000000000003
IMN,1980,1989,9.567091666666666,0.25408585858585786,0.5095795770918179,0.24099999999999996
IMN,1990,1999,10.065516666666667,0.48188888888888787,0.44650225495861445,0.23982500000000004
IMN,2000,2009,10.466441666666665,0.2632979797979793,0.25878931971707414,0.24019166666666666
IND,1960,1969,24.10409166666667,0.23382323232323296,0.22625117554410976,0.26528333333333337
IND,1970,1979,24.145416666666666,0.37200000000000205,0.23968487670993516,0.22657499999999997
IND,1980,1989,24.362283333333334,0.23293939393939256,0.26547079650896094,0.20110833333333336
IND,1990,1999,24.374716666666664,0.41095959595959236,0.17444909098124567,0.20178333333333334
IND,2000,2009,24.67075,0.2059696969696958,0.20941411932487827,0.19715000000000002
IRL,1960,1969,9.420141666666666,-0.038762626262626214,0.3432158107540935,0.2632416666666667
IRL,1970,1979,9.630366666666665,-0.4171313131313134,0.3435196441984695,0.23582500000000003
IRL,1980,1989,9.629083333333334,0.11647474747474697,0.45696506338505577,0.2139333333333333
IRL,1990,1999,10.116450000000002,0.6487979797979798,0.358444456016561,0.21758333333333332
IRL,2000,2009,10.392458333333334,0.23212626262626107,0.2571320327336967,0.23885833333333334
IRN,1960,1969,17.710333333333335,-0.36276767676767696,0.4228569023525462,0.33690000000000003
IRN,1970,1979,17.69906666666667,0.4852020202020194,0.6273739167705891,0.3017916666666667
IRN,1980,1989,18.03751666666667,0.16295959595959736,0.3889831840105025,0.2695666666666667
IRN,1990,1999,18.277791666666666,1.3790050505050546,0.4912160245664547,0.22635000000000005
IRN,2000,2009,19.034683333333337,-0.21143434343434453,0.2128924502208041,0.265925
IRQ,1960,1969,22.22675,-0.5949090909090924,0.6460516053006594,0.3447916666666667
IRQ,1970,1979,22.05880833333333,0.8612878787878803,0.5409038796186727,0.34018333333333334
IRQ,1980,1989,22.089058333333334,0.42221717171716844,0.4256577753800448,0.3747
IRQ,1990,1999,22.436783333333334,1.5811717171717208,0.6764695396230234,0.39240833333333336
IRQ,2000,2009,22.987150000000003,-0.14304040404040066,0.21758928103361502,0.32225000000000004
ISL,1960,1969,1.51995,-1.8218282828282828,0.3446080808626083,0.45352500000000007
ISL,1970,1979,1.5594333333333332,-0.4605151515151513,0.6727427369950371,0.4092666666666666
ISL,1980,1989,1.4805333333333333,0.4587272727272726,0.5445216243223567,0.34882500000000005
ISL,1990,1999,1.8432916666666668,-0.1401969696969696,0.42082050575509394,0.3343083333333333
ISL,2000,2009,2.5644416666666663,-0.02196464646464618,0.3700579842281261,0.3672833333333334
ISR,1960,1969,20.090516666666666,-0.5545151515151502,0.5775501258727446,0.2975083333333333
ISR,1970,1979,19.878508333333336,0.6412373737373721,0.2869875209761475,0.2549
ISR,1980,1989,19.843783333333334,0.3080909090909063,0.3194618418187475,0.23523333333333332
ISR,1990,1999,20.190933333333334,1.1300606060606069,0.45161373986369197,0.2568083333333333
ISR,2000,2009,20.6303,0.27941414141413967,0.22009148565026931,0.2559
ITA,1960,1969,12.900558333333331,-0.35745959595959587,0.3123372210691039,0.24677500000000002
ITA,1970,1979,12.770333333333333,-0.09305050505050401,0.1966737571245564,0.21952499999999997
ITA,1980,1989,13.033541666666668,0.8491565656565656,0.3219849701124287,0.21036666666666667
ITA,1990,1999,13.535191666666666,0.3092878787878793,0.41212299069048336,0.21379166666666666
ITA,2000,2009,13.869391666666667,-0.15318686868686907,0.3536032747140716,0.22216666666666668
JAM,1960,1969,26.296208333333333,-0.0558232323232303,0.16113071238013163,0.4742416666666666
JAM,1970,1979,26.305416666666666,0.24973737373737429,0.15476987049590266,0.34356666666666663
JAM,1980,1989,26.55005,-0.012505050505052868,0.22959246452394882,0.3564833333333334
JAM,1990,1999,26.792166666666667,0.2560707070707066,0.25610695014404444,0.4108833333333333
JAM,2000,2009,26.85076666666667,0.17258585858586128,0.19072470469676625,0.41625000000000006
JEY,1960,1969,10.945849999999998,0.1431111111111112,0.5641883726699501,0.3057166666666667
JEY,1970,1979,11.08095,-0.16627272727272688,0.28708581271255895,0.2623666666666667
JEY,1980,1989,11.235033333333332,0.4667979797979796,0.5764857471171819,0.23740833333333336
JEY,1990,1999,11.743841666666665,0.5824696969696973,0.530419531931184,0.2278833333333333
JEY,2000,2009,12.01855,-0.15840404040404066,0.1924814882193756,0.2308583333333334
JOR,1960,1969,19.842000000000002,-0.614969696969697,0.6485714036685291,0.3403333333333333
JOR,1970,1979,19.588600000000003,0.7695151515151502,0.3613709638486567,0.30956666666666666
JOR,1980,1989,19.586025000000003,0.4681060606060603,0.3752493471051033,0.27221666666666666
JOR,1990,1999,19.941300000000002,1.174303030303031,0.5215135873871406,0.2974
JOR,2000,2009,20.350733333333334,0.17970707070707234,0.20478897864944157,0.28831666666666667
JPN,1960,1969,12.288258333333333,-0.9018535353535366,0.262895217989223,0.20929999999999999
JPN,1970,1979,12.23405,0.512171717171717,0.3315978200657431,0.19746666666666668
JPN,1980,1989,12.093866666666667,0.774858585858586,0.35621143935151534,0.17636666666666664
JPN,1990,1999,12.777841666666667,-0.04205555555555436,0.5116739299560885,0.17350833333333332
JPN,2000,2009,12.837774999999999,0.3344898989898981,0.2881209761614512,0.18319999999999997
KAZ,1960,1969,5.591375,-1.0045303030303039,0.9371152470937487,0.30696666666666667
KAZ,1970,1979,5.678333333333333,0.49198989898989887,0.7490181235279714,0.2516583333333333
KAZ,1980,1989,6.079775000000001,-0.24251010101010062,0.7894702013097641,0.23445
KAZ,1990,1999,6.180108333333334,0.696732323232324,0.8486033667531144,0.25683333333333336
KAZ,2000,2009,6.883533333333334,-0.04934343434343485,0.3912548792618473,0.2707166666666667
KEN,1960,1969,24.021583333333332,-0.06877777777777731,0.21794036329861546,0.3105583333333334
KEN,1970,1979,24.210616666666667,0.05517171717172,0.1865914839025236,0.3065583333333333
KEN,1980,1989,24.475766666666665,-0.11160606060605781,0.30562927287986946,0.27318333333333333
KEN,1990,1999,24.437408333333334,0.40746969696969504,0.07626781461045358,0.321175
KEN,2000,2009,24.81825,0.40784848484848585,0.1908544749584673,0.3186833333333333
KGZ,1960,1969,3.4579999999999997,-0.6964646464646467,0.6068072837336568,0.5409583333333334
KGZ,1970,1979,3.539725,0.20327777777777847,0.5901700056735414,0.4503583333333333
KGZ,1980,1989,3.910125,-0.5358737373737377,0.4647458167999701,0.4025083333333333
KGZ,1990,1999,4.019758333333334,0.7393080808080807,0.5141123388251693,0.40553333333333336
KGZ,2000,2009,4.670775,-0.0620050505050506,0.3126923636297394,0.389625
KHM,1960,1969,26.977533333333334,0.17217171717171798,0.243258448803589,0.265675
KHM,1970,1979,26.89700833333334,0.2879545454545443,0.25523058724522907,0.2753333333333333
KHM,1980,1989,27.043808333333335,-0.0449343434343464,0.1807191301522693,0.29179999999999995
KHM,1990,1999,27.149275,0.11878282828282774,0.3206375642461244,0.26243333333333335
KHM,2000,2009,27.253283333333336,-0.1027171717171757,0.18263086230138023,0.26409166666666667
KIR,1960,1969,26.839358333333337,0.3865909090909089,0.20069182700750296,0.6217583333333334
KIR,1970,1979,26.733658333333334,0.6266818181818192,0.27983080601389926,0.5584166666666667
KIR,1980,1989,27.070525000000004,-0.22859090909091107,0.27073001479165754,0.6184583333333334
KIR,1990,1999,27.28289166666667,0.08283333333333331,0.1838319616482861,0.6099333333333334
KIR,2000,2009,27.50728333333334,0.03322222222222418,0.30575503202572596,0.723675
KNA,1960,1969,26.096425,-0.3764393939393924,0.19345829846131324,0.32071666666666665
KNA,1970,1979,25.99605833333333,0.1322070707070742,0.23827810387995635,0.26375
KNA,1980,1989,26.29153333333333,-0.19541414141414318,0.23609134561752976,0.2404416666666666
KNA,1990,1999,26.50710833333333,0.511429292929295,0.18159451805095328,0.22391666666666668
KNA,2000,2009,26.710391666666663,0.2027929292929314,0.2387452530167039,0.23610000000000003
KOR,1960,1969,12.100733333333334,-1.0605050505050484,0.37632650087391906,0.25495833333333334
KOR,1970,1979,12.176633333333333,0.9163535353535361,0.38877570848215176,0.23728333333333335
KOR,1980,1989,12.069066666666666,1.0905252525252525,0.40251991249747726,0.20016666666666666
KOR,1990,1999,12.768725,0.4500656565656568,0.5529005486136848,0.21989166666666665
KOR,2000,2009,12.877691666666667,0.4123585858585853,0.28269179988533255,0.22626666666666667
KWT,1960,1969,25.398925000000002,-0.19134848484848038,0.5877777074621414,0.4418666666666667
KWT,1970,1979,25.268466666666665,0.7382929292929297,0.44143695127290933,0.46443333333333336
KWT,1980,1989,25.372291666666666,0.2817727272727261,0.39754035741596233,0.6035833333333334
KWT,1990,1999,25.725475,1.6111868686868671,0.5669076562398234,0.510075
KWT,2000,2009,26.342283333333334,-0.18277777777778337,0.17525049913926008,0.4332583333333333
LAO,1960,1969,23.93081666666667,0.07643434343434545,0.29913088250327885,0.3005666666666667
LAO,1970,1979,23.799483333333335,0.3078080808080825,0.2882311995628207,0.2579333333333333
LAO,1980,1989,23.949800000000003,-0.13598989898989863,0.2110501702756092,0.2609416666666667
LAO,1990,1999,24.043116666666666,0.29644444444444434,0.33063034930365665,0.25931666666666664
LAO,2000,2009,24.13374166666667,0.10514646464646553,0.2623991286958982,0.25875000000000004
LBN,1960,1969,18.12271666666667,-0.6737878787878806,0.5914511865408725,0.34052499999999997
LBN,1970,1979,17.886400000000002,0.5348888888888913,0.3517257280285335,0.2877416666666667
LBN,1980,1989,17.880258333333334,0.3976515151515143,0.3044316599007799,0.27137500000000003
LBN,1990,1999,18.213091666666667,1.1269141414141435,0.5223591380980217,0.29355833333333337
LBN,2000,2009,18.641708333333334,0.18939898989898812,0.2539535104787376,0.26370000000000005
LBR,1960,1969,25.51575,-0.01867676767677317,0.15490030641970523,0.30334999999999995
LBR,1970,1979,25.582666666666665,0.10160606060606,0.2659969941519404,0.29825833333333335
LBR,1980,1989,25.801775000000003,0.25163131313131454,0.22799718760366622,0.3024833333333333
LBR,1990,1999,25.922125,0.4103585858585851,0.17929286086449978,0.3385166666666667
LBR,2000,2009,26.247508333333336,0.38670202020201705,0.11914044243797772,0.4708833333333334
LBY,1960,1969,22.513916666666667,-0.0021313131313123986,0.4686287854398573,0.4880416666666667
LBY,1970,1979,22.357575,0.3669242424242398,0.19902045426973775,0.40389166666666665
LBY,1980,1989,22.589500000000005,0.5628181818181799,0.1870886732569746,0.4726166666666666
LBY,1990,1999,23.0025,0.8290101010100979,0.25004580998171594,0.5115916666666667
LBY,2000,2009,23.305683333333334,0.2866363636363631,0.1554869875934533,0.47579166666666667
LCA,1960,1969,26.95445833333333,-0.2070353535353561,0.1938121591877262,0.3235
LCA,1970,1979,26.827825,0.16521717171717293,0.21535911957347986,0.2835
LCA,1980,1989,27.082583333333332,-0.16713131313131305,0.25982027910023564,0.25198333333333334
LCA,1990,1999,27.29710833333333,0.5198333333333316,0.16666814536381155,0.22690833333333335
LCA,2000,2009,27.478583333333336,0.2180303030303024,0.2174108819320948,0.22621666666666665
LIE,1960,1969,4.713416666666666,-0.2714545454545457,0.6071009019386151,0.44784999999999997
LIE,1970,1979,4.840616666666667,0.2775757575757575,0.33435049000764183,0.3940666666666667
LIE,1980,1989,5.0146250000000006,0.8933080808080813,0.529010754535073,0.3393333333333334
LIE,1990,1999,5.5556833333333335,-0.16096969696969737,0.5871358537155554,0.3863416666666667
LIE,2000,2009,5.880508333333333,-0.14123737373737263,0.42137513253571496,0.3248916666666667
LKA,1960,1969,27.16120833333333,0.29644949494949635,0.11810365979739236,0.2579916666666667
LKA,1970,1979,27.181558333333335,0.3671464646464634,0.20444120761235032,0.25115
LKA,1980,1989,27.481583333333333,-0.007626262626260427,0.24480015250234355,0.33045833333333335
LKA,1990,1999,27.52505,0.2971616161616134,0.23631385624856877,0.30780833333333335
LKA,2000,2009,27.63714166666667,-0.050196969696971246,0.12773780622058314,0.32095
LSO,1960,1969,13.973400000000002,-0.057393939393939886,0.26620374861074214,0.3017333333333333
LSO,1970,1979,13.890025,0.03924747474747282,0.3015642715827733,0.31329166666666663
LSO,1980,1989,14.252799999999999,0.061727272727272915,0.4015614776622777,0.30522499999999997
LSO,1990,1999,14.330525,0.09499494949495002,0.4331411433641721,0.29994166666666666
LSO,2000,2009,14.371266666666667,0.05146464646464886,0.24407251811375957,0.35785
LTU,1960,1969,5.890849999999999,-0.8754747474747473,0.7276290172519927,0.31786666666666663
LTU,1970,1979,6.259883333333333,-0.8535858585858584,0.8874890004640233,0.2592083333333334
LTU,1980,1989,6.2421500000000005,0.6866464646464654,1.1272438225408097,0.2409333333333333
LTU,1990,1999,6.9060500000000005,-0.7144545454545453,0.7058506836024793,0.20423333333333335
LTU,2000,2009,7.406824999999998,0.05335858585858631,0.5209764268797431,0.22051666666666664
LUX,1960,1969,9.177833333333334,-0.0064949494949497885,0.6878648911001018,0.26488333333333336
LUX,1970,1979,9.396408333333333,-0.07342929292929293,0.444160214502213,0.24696666666666664
LUX,1980,1989,9.461408333333335,0.6852777777777784,0.6721356405062026,0.22044166666666665
LUX,1990,1999,10.044275,-0.024550505050505395,0.6437589146553845,0.2055833333333333
LUX,2000,2009,10.465383333333332,-0.24695959595959643,0.2959969972503433,0.20889166666666664
LVA,1960,1969,5.281000000000001,-1.1291919191919186,0.6957653850302987,0.29721666666666663
LVA,1970,1979,5.687775,-0.9375707070707073,0.9293494933094617,0.266875
LVA,1980,1989,5.665441666666667,0.6792070707070698,1.1310134772198004,0.2565333333333333
LVA,1990,1999,6.338616666666668,-0.7046565656565668,0.6935016124064889,0.2288333333333333
LVA,2000,2009,6.842966666666666,0.21091919191919284,0.5029538105159685,0.24267499999999997
MAC,1960,1969,22.72139166666667,-0.3914090909090909,0.2730777574027282,0.34685
MAC,1970,1979,22.672341666666668,0.3218838383838413,0.2730657951298254,0.26897499999999996
MAC,1980,1989,22.730783333333335,0.025040404040404605,0.33699439746741944,0.25903333333333334
MAC,1990,1999,22.83076666666667,0.2641212121212119,0.3738016241387318,0.2880333333333333
MAC,2000,2009,23.060925,-0.11901515151515266,0.23599475183915164,0.2579333333333333
MAF,1960,1969,26.82451666666667,-0.3831515151515186,0.19652735114348563,0.35830833333333334
MAF,1970,1979,26.748399999999997,0.15963636363636516,0.2400512064246888,0.3485083333333333
MAF,1980,1989,27.048000000000002,-0.14423232323232413,0.21073963294046585,0.31251666666666666
MAF,1990,1999,27.266525,0.514823232323232,0.1753312746056579,0.2825583333333333
MAF,2000,2009,27.467358333333333,0.17423737373737228,0.22859127260699108,0.2679833333333333
MAR,1960,1969,17.868850000000002,-0.6360404040404046,0.2374019827077388,0.4554666666666666
MAR,1970,1979,17.42460833333333,0.6504393939393938,0.4289978319138184,0.4473583333333333
MAR,1980,1989,18.199891666666666,0.45047979797979865,0.3560592165684384,0.3563583333333333
MAR,1990,1999,18.288116666666667,0.7779898989899006,0.4506965154787881,0.32695833333333335
MAR,2000,2009,18.704008333333338,-0.21270202020201967,0.2656533605796856,0.3489583333333333
MCO,1960,1969,9.11915,-0.2926262626262633,0.4601824099937323,0.34045000000000003
MCO,1970,1979,9.095766666666666,-0.040252525252525026,0.17895764729364988,0.33416666666666667
MCO,1980,1989,9.413375,0.8829141414141413,0.39060972599693006,0.30484999999999995
MCO,1990,1999,9.890866666666668,0.14466666666666658,0.3983236722057905,0.3211166666666666
MCO,2000,2009,10.215383333333333,-0.020787878787878678,0.3374476875947963,0.2924416666666666
MDA,1960,1969,9.287816666666668,-0.7781515151515149,0.6645358061913872,0.3247833333333333
MDA,1970,1979,9.262058333333334,-0.33921717171717386,0.5894041347203465,0.2863583333333333
MDA,1980,1989,9.068591666666666,0.3738232323232318,0.8893966025667703,0.26644166666666663
MDA,1990,1999,9.624958333333332,-0.4343383838383827,0.8358090246534237,0.26255
MDA,2000,2009,10.283191666666665,0.6122777777777765,0.5889565158583577,0.2867833333333334
MDG,1960,1969,22.828308333333332,0.14404545454545636,0.3884224264499259,0.3283333333333333
MDG,1970,1979,22.882,0.2718585858585822,0.22859947929136987,0.30859166666666665
MDG,1980,1989,23.011158333333334,0.1262575757575753,0.21844040881985893,0.2737
MDG,1990,1999,23.40611666666667,0.3427272727272719,0.12732528201844803,0.35248333333333337
MDG,2000,2009,23.535666666666664,0.10485858585858557,0.1245191356465432,0.3722333333333333
MEX,1960,1969,20.7012,-0.23125252525252366,0.21132515469380425,0.22640833333333332
MEX,1970,1979,20.599383333333332,-0.023393939393941285,0.23048590976797548,0.22368333333333332
MEX,1980,1989,20.763841666666668,-0.18906565656565688,0.20226510760899702,0.20990000000000003
MEX,1990,1999,21.07770833333333,0.49816666666666587,0.22574650032150545,0.20452499999999998
MEX,2000,2009,21.238658333333333,0.1526111111111113,0.18411769696976038,0.2235333333333333
MKD,1960,1969,10.688566666666667,-0.4732929292929282,0.3337718705624402,0.38260833333333333
MKD,1970,1979,10.400425,0.13646969696969424,0.39805752722132176,0.3595166666666667
MKD,1980,1989,10.493108333333334,0.6391262626262618,0.13959272054134225,0.3188916666666667
MKD,1990,1999,10.902000000000001,0.210181818181817,0.5752025878170446,0.3303916666666667
MKD,2000,2009,11.337608333333332,0.3018838383838384,0.45009007543018315,0.29712500000000003
MLI,1960,1969,28.518008333333334,0.3969848484848518,0.26381604092848204,0.3836333333333333
MLI,1970,1979,28.554025000000003,0.10865151515151633,0.3866140410315998,0.31218333333333337
MLI,1980,1989,28.913175000000003,-0.035176767676767765,0.356286197194945,0.3475583333333333
MLI,1990,1999,28.966199999999997,0.23812121212121334,0.33684380774135064,0.38567500000000005
MLI,2000,2009,29.28998333333334,-0.12762626262626584,0.1910379103311405,0.5147333333333334
MLT,1960,1969,18.641558333333332,-0.5534090909090904,0.1605412369100134,0.4046
MLT,1970,1979,18.420483333333333,0.12480808080808176,0.279064803450521,0.3703166666666666
MLT,1980,1989,18.758933333333335,1.0287676767676763,0.2889575201434239,0.3584833333333333
MLT,1990,1999,19.245775,0.567318181818179,0.38243509462303077,0.3502833333333334
MLT,2000,2009,19.562216666666668,-0.04128282828282803,0.31394271526806306,0.3649083333333333
MMR,1960,1969,24.03014166666667,-0.16157070707070995,0.2107755319062326,0.29967499999999997
MMR,1970,1979,23.97771666666667,0.37634343434343137,0.2368953706962499,0.30152500000000004
MMR,1980,1989,24.11671666666667,0.12755555555555514,0.16221328108287217,0.292625
MMR,1990,1999,24.123916666666666,0.5669595959595943,0.2639736089240368,0.24637499999999996
MMR,2000,2009,24.2997,0.37069696969696786,0.19811873445112868,0.277425
MNE,1960,1969,10.480625,-0.6282878787878786,0.28553403541713535,0.3803833333333333
MNE,1970,1979,10.239966666666668,0.09445454545454676,0.3661604618720918,0.3385916666666666
MNE,1980,1989,10.372966666666667,0.7772121212121209,0.24468591459531733,0.3390916666666667
MNE,1990,1999,10.826916666666666,0.08874747474747394,0.5112616049757788,0.3498666666666666
MNE,2000,2009,11.168524999999999,-0.0060151515151510605,0.5043295005428944,0.33513333333333334
MNG,1960,1969,-0.5656666666666668,-1.0340707070707071,0.49703091556078766,0.3389333333333334
MNG,1970,1979,-0.37382499999999974,0.9029242424242419,0.4327635632901181,0.2639833333333333
MNG,1980,1989,-0.3156333333333334,0.5978080808080808,0.5876732484402245,0.2899666666666666
MNG,1990,1999,0.6151083333333334,1.1921666666666675,0.4719198414226669,0.30243333333333333
MNG,2000,2009,0.7726083333333332,0.7543383838383843,0.6096096100112205,0.31693333333333334
MOZ,1960,1969,23.6265,0.13030303030302656,0.28310203670660794,0.2541
MOZ,1970,1979,23.659558333333333,0.06945959595959596,0.21792119605458615,0.245525
MOZ,1980,1989,23.918716666666665,0.3696161616161614,0.34112419547943185,0.23054166666666664
MOZ,1990,1999,24.279,-0.03814141414141403,0.2465366174068455,0.26365
MOZ,2000,2009,24.256858333333334,-0.04304545454545575,0.2626516673172983,0.304075
MRT,1960,1969,27.731399999999997,-0.05700000000000044,0.2811612883412801,0.37063333333333337
MRT,1970,1979,27.6127,0.415252525252524,0.5734379014946233,0.38397500000000007
MRT,1980,1989,28.140525000000004,0.05269191919191679,0.5174562196130571,0.4791833333333334
MRT,1990,1999,28.253591666666672,0.37547979797979797,0.3702799174226696,0.5056166666666666
MRT,2000,2009,28.55523333333333,-0.23605050505050965,0.15427111200982438,0.6728083333333333
MSR,1960,1969,26.61885833333334,-0.3637727272727303,0.18577005475465172,0.38045
MSR,1970,1979,26.53511666666667,0.12765656565656816,0.23663548305885707,0.300125
MSR,1980,1989,26.819,-0.19585858585858645,0.2329758346371532,0.2656
MSR,1990,1999,27.04345833333333,0.5616818181818191,0.18565187634904123,0.25075
MSR,2000,2009,27.24533333333333,0.1434848484848491,0.2362145513164842,0.250775
MTQ,1960,1969,26.388199999999994,-0.23352525252525316,0.1854062856524736,0.37602499999999994
MTQ,1970,1979,26.278991666666666,0.1205707070707086,0.21048155802850874,0.30630833333333335
MTQ,1980,1989,26.544400000000003,-0.11994949494949696,0.2319882348831609,0.2669916666666666
MTQ,1990,1999,26.77110833333333,0.5278232323232311,0.16500644204567688,0.26925
MTQ,2000,2009,26.94964166666667,0.19621717171717043,0.21690333601304418,0.23949166666666666
MUS,1960,1969,23.50925833333333,0.17504545454545362,0.3775937977805442,0.3337
MUS,1970,1979,23.718133333333334,0.5423131313131357,0.27511399257981545,0.33316666666666667
MUS,1980,1989,23.826908333333336,0.24918686868686474,0.21617461997332965,0.33497499999999997
MUS,1990,1999,24.039008333333335,0.3343282828282814,0.15168079730919554,0.34245833333333336
MUS,2000,2009,24.319433333333333,0.1140606060606083,0.1774635259943898,0.31585
MWI,1960,1969,21.405691666666666,0.16025757575757382,0.2541610081613315,0.29430833333333334
MWI,1970,1979,21.460258333333332,0.19718686868686924,0.2146738100367051,0.3054833333333334
MWI,1980,1989,21.720733333333335,0.28433333333333666,0.393487362731803,0.29594166666666666
MWI,1990,1999,22.084733333333332,-0.19921212121211684,0.22985195157068575,0.36469999999999997
MWI,2000,2009,22.08855833333333,0.08441919191919137,0.3036364557179004,0.3762916666666667
MYS,1960,1969,26.074283333333334,0.062252525252524574,0.13610864403728531,0.22329999999999997
MYS,1970,1979,26.108449999999998,0.020757575757578195,0.1836376225148813,0.22383333333333333
MYS,1980,1989,26.23245,0.059121212121215586,0.19018533166780816,0.20292500000000002
MYS,1990,1999,26.39635,0.30355555555555946,0.235123765237425,0.17960833333333334
MYS,2000,2009,26.53894166666667,-0.02765151515151498,0.1421012530046792,0.19228333333333333
MYT,1960,1969,26.418825,-0.004106060606061479,0.32598073530004346,0.3198
MYT,1970,1979,26.431700000000006,0.3228282828282809,0.24957307079774144,0.31527499999999997
MYT,1980,1989,26.615025000000003,0.09051010101009724,0.25069898762869924,0.30995833333333334
MYT,1990,1999,26.92751666666667,0.3071212121212088,0.1840202263745132,0.3796583333333334
MYT,2000,2009,27.098833333333335,0.2765252525252514,0.20441990648382038,0.3639416666666667
NAM,1960,1969,20.633166666666668,-0.16939393939393887,0.1609303256848382,0.5632333333333333
NAM,1970,1979,20.56025,-0.39173737373737216,0.3749952668487931,0.49340833333333334
NAM,1980,1989,20.970774999999996,0.31824747474747395,0.2615439604131244,0.5760083333333333
NAM,1990,1999,21.204349999999998,0.256363636363637,0.32743290318577284,0.5690583333333333
NAM,2000,2009,21.252074999999998,-0.5374090909090916,0.4243850302167289,0.7217416666666667
NCL,1960,1969,22.628333333333334,-0.2073838383838394,0.2997087023222077,0.37567500000000004
NCL,1970,1979,22.99926666666667,-0.3029797979797978,0.2984466766270802,0.37392499999999995
NCL,1980,1989,23.091749999999998,0.44053535353535334,0.2577405234566821,0.34453333333333336
NCL,1990,1999,23.302175000000002,0.971277777777778,0.4157042616182478,0.31204166666666666
NCL,2000,2009,23.411575,0.13531818181818028,0.17601525798569514,0.29080833333333334
NER,1960,1969,27.490383333333334,0.7117272727272712,0.45778253601528235,0.5066750000000001
NER,1970,1979,27.517666666666667,0.07929292929292973,0.30372467456032465,0.383225
NER,1980,1989,27.71794166666667,-0.0021464646464654934,0.2874607524895331,0.4141916666666667
NER,1990,1999,27.89970833333333,0.7038737373737376,0.3020548042799964,0.5132583333333334
NER,2000,2009,28.300858333333338,0.4786515151515164,0.25044953114092705,0.5398916666666668
NFK,1960,1969,26.877783333333333,-0.09766666666667073,0.10333778962911876,0.5371916666666667
NFK,1970,1979,27.068666666666665,0.24728282828283282,0.13616637454343689,0.49175
NFK,1980,1989,27.44195,0.13848484848484718,0.1904473244481277,0.4845750000000001
NFK,1990,1999,27.348658333333333,0.461550505050507,0.09642477436768612,0.35159166666666664
NFK,2000,2009,27.44616666666667,-0.07482828282828191,0.08864223807597933,0.310925
NGA,1960,1969,26.7642,0.3209595959595962,0.22074344957295536,0.29428333333333334
NGA,1970,1979,26.877391666666664,-0.05099494949494997,0.266703273669321,0.2861416666666667
NGA,1980,1989,26.989683333333335,-0.05009090909091034,0.3048916077105126,0.3042916666666667
NGA,1990,1999,27.14411666666667,0.4044646464646451,0.24011212393661932,0.3199833333333333
NGA,2000,2009,27.502925000000005,0.7166212121212117,0.19312723819979466,0.41414166666666674
NIC,1960,1969,26.1185,-0.06756565656565679,0.17517330921762084,0.383625
NIC,1970,1979,26.19471666666667,0.3633737373737358,0.21673683017442785,0.315975
NIC,1980,1989,26.386858333333333,0.1602979797979792,0.2932577416693534,0.3547333333333333
NIC,1990,1999,26.7589,0.33803030303030346,0.2827462227139997,0.35253333333333337
NIC,2000,2009,26.693491666666667,0.26150000000000084,0.2065388149931266,0.29467499999999996
NIU,1960,1969,25.113625,-0.20504545454545092,0.1788539438231652,0.4352083333333333
NIU,1970,1979,25.35000833333334,-0.19639898989898905,0.24386538166243113,0.4450333333333333
NIU,1980,1989,25.390866666666668,0.24697979797979785,0.2245405335282621,0.3900416666666667
NIU,1990,1999,25.54285,0.14427272727272736,0.2088810333253174,0.35865833333333336
NIU,2000,2009,25.700791666666664,-0.5086515151515157,0.2126271596168607,0.5500833333333334
NLD,1960,1969,9.103491666666667,0.18857070707070783,0.7021816950583707,0.2523
NLD,1970,1979,9.341583333333334,-0.27708080808080876,0.4603613429341003,0.23940833333333336
NLD,1980,1989,9.407033333333333,0.54569696969697,0.6987147452903764,0.20597499999999996
NLD,1990,1999,9.9646,0.04521212121212059,0.7360904663009326,0.20193333333333335
NLD,2000,2009,10.522450000000001,0.10204040404040343,0.28632934207710237,0.203675
NOR,1960,1969,-0.016274999999999918,-1.099308080808081,0.5785791485972729,0.3490666666666667
NOR,1970,1979,0.3737166666666667,-0.8849999999999997,0.6939230622756564,0.30578333333333335
NOR,1980,1989,0.24677499999999997,0.7761464646464649,0.7133058740991253,0.28063333333333335
NOR,1990,1999,0.8930250000000001,-0.8162373737373734,0.5128585107130905,0.28305
NOR,2000,2009,1.5522,0.4838686868686868,0.3846702415260054,0.3066916666666667
NPL,1960,1969,14.989833333333332,0.029414141414143877,0.3038141859535308,0.4358833333333333
NPL,1970,1979,15.029225000000002,0.2610151515151502,0.278926991742971,0.39455
NPL,1980,1989,15.1491,0.4328181818181812,0.334555532575841,0.47780000000000006
NPL,1990,1999,15.334483333333333,0.4713333333333336,0.3018916881234477,0.4170166666666667
NPL,2000,2009,15.635566666666668,0.47118181818181837,0.21188826194469554,0.38660833333333333
NZL,1960,1969,10.488775,-0.2519545454545464,0.2551871926308768,0.3186333333333333
NZL,1970,1979,10.808775,-0.5318434343434344,0.3667156579096114,0.2915166666666667
NZL,1980,1989,10.865749999999998,0.7129393939393946,0.24876263160997844,0.2607416666666667
NZL,1990,1999,10.787216666666666,0.9454949494949494,0.48347662411173176,0.27666666666666667
NZL,2000,2009,10.969958333333334,-0.22031818181818177,0.27207842073825966,0.24359166666666665
OMN,1960,1969,26.91000833333333,0.09033838383838298,0.22144315398131623,0.7167416666666667
OMN,1970,1979,27.014491666666668,0.3725606060606082,0.2890861879198244,0.7453583333333333
OMN,1980,1989,26.948158333333332,-0.18182323232323508,0.3205770019639259,0.6552083333333334
OMN,1990,1999,27.446208333333335,0.9858636363636331,0.3467529427573556,0.5450583333333333
OMN,2000,2009,28.09700833333334,0.15642929292929414,0.18402928554111994,0.444475
PAK,1960,1969,20.572458333333337,0.019479797979796973,0.3414759318013877,0.27665
PAK,1970,1979,20.661566666666666,-0.08278787878787747,0.3965270259328791,0.2973166666666667
PAK,1980,1989,21.039633333333335,0.16031313131313615,0.4466326416970171,0.3022083333333333
PAK,1990,1999,21.186641666666667,0.4992878787878752,0.36039415563883775,0.32505833333333334
PAK,2000,2009,21.740041666666666,-0.23609595959595944,0.26643472234321874,0.292575
PAN,1960,1969,26.470708333333334,0.01975252525252813,0.13660599156803407,0.35435
PAN,1970,1979,26.438391666666668,0.3061969696969695,0.22417142685794847,0.36565833333333336
PAN,1980,1989,26.715733333333333,-0.04448484848484751,0.30579250417835935,0.36491666666666667
PAN,1990,1999,27.005691666666667,-0.028924242424242085,0.3227031786741095,0.3532
PAN,2000,2009,27.028558333333336,0.2943181818181805,0.20316328817248216,0.34151666666666664
PER,1960,1969,20.112399999999997,0.3192828282828291,0.18346133683111374,0.26927500000000004
PER,1970,1979,20.05105,0.016040404040404483,0.2512563398347298,0.26164166666666666
PER,1980,1989,20.316075,-0.08271212121212299,0.3676246419337285,0.295725
PER,1990,1999,20.559416666666667,0.16654545454545505,0.35784362128613384,0.301525
PER,2000,2009,20.385508333333334,0.0652878787878781,0.14598258250195334,0.35956666666666665
PHL,1960,1969,26.720041666666667,0.16389393939394015,0.16760260622650489,0.23875833333333335
PHL,1970,1979,26.741166666666665,-0.03431313131312986,0.1849131969186833,0.24712499999999998
PHL,1980,1989,26.90434166666667,0.25572222222222446,0.20270592511860536,0.2225416666666667
PHL,1990,1999,26.970075,0.444651515151517,0.256733118010273,0.20224166666666665
PHL,2000,2009,27.067075,-0.040611111111110515,0.090751851549546,0.21003333333333335
PLW,1960,1969,27.354791666666664,0.20122727272727214,0.11087085679078217,0.3849166666666667
PLW,1970,1979,27.483541666666667,-0.08345959595959435,0.10857247325690303,0.3031666666666667
PLW,1980,1989,27.617825,0.2091868686868701,0.095857687531492,0.38792499999999996
PLW,1990,1999,27.672316666666667,0.2858282828282815,0.11729129118737956,0.4179666666666667
PLW,2000,2009,27.748825,-0.006388888888888461,0.08836959307037777,0.3201583333333334
PNG,1960,1969,24.43475,0.13795959595959725,0.18607132536197038,0.3046916666666667
PNG,1970,1979,24.592066666666664,0.02056565656565888,0.1742370794842209,0.3375833333333333
PNG,1980,1989,24.845341666666666,0.3185404040404052,0.14644708891048494,0.2922083333333333
PNG,1990,1999,24.8996,0.35029292929292943,0.19544013995887793,0.29517499999999997
PNG,2000,2009,24.928324999999997,-0.3216818181818162,0.08938632891475998,0.3342583333333333
POL,1960,1969,7.5118583333333335,-0.24387373737373705,0.7899301917733276,0.366225
POL,1970,1979,7.735666666666665,-0.1161313131313129,0.6621495578792044,0.30445833333333333
POL,1980,1989,7.8297333333333325,0.7865959595959586,0.933450046855113,0.27405
POL,1990,1999,8.31035,-0.4355858585858588,0.7222814264324696,0.23615
POL,2000,2009,8.866133333333334,0.10491919191919258,0.5071761872320589,0.2333166666666667
PRI,1960,1969,25.691150000000004,-0.3254747474747458,0.23754994410572172,0.2515166666666667
PRI,1970,1979,25.5614,0.2134949494949473,0.21140403744992756,0.23521666666666663
PRI,1980,1989,25.908591666666666,-0.32477272727272843,0.261349992329176,0.22135833333333332
PRI,1990,1999,26.098025,0.4867323232323224,0.19526438153014683,0.23653333333333332
PRI,2000,2009,26.308500000000002,0.27843434343434215,0.23587091505926308,0.2525166666666667
PRK,1960,1969,6.9169166666666655,-1.117969696969697,0.2971362236578573,0.2952166666666666
PRK,1970,1979,7.065391666666668,0.8928838383838389,0.35844337252820024,0.25224166666666664
PRK,1980,1989,7.0653999999999995,1.0188181818181805,0.4794947666335438,0.24427500000000002
PRK,1990,1999,7.854875,0.6040959595959597,0.4633413247096451,0.24506666666666668
PRK,2000,2009,7.952583333333332,0.47528282828282814,0.3611775051111009,0.250725
PRT,1960,1969,14.895075,-0.5777727272727283,0.3011276819492675,0.29320833333333335
PRT,1970,1979,14.514675,0.4457222222222221,0.24748329369562788,0.27750833333333336
PRT,1980,1989,15.173458333333333,0.631025252525253,0.39572048257241826,0.2676833333333334
PRT,1990,1999,15.475533333333335,0.47615151515151355,0.5272623381242634,0.2749333333333333
PRT,2000,2009,15.557766666666666,0.23473737373737436,0.268991674864951,0.25288333333333335
PRY,1960,1969,23.555083333333336,0.3123535353535344,0.44338169113830367,0.37149166666666666
PRY,1970,1979,23.532541666666667,0.2905707070707062,0.40671150500956654,0.2989
PRY,1980,1989,23.654200000000003,-0.08711111111111164,0.2748388542071392,0.26406666666666667
PRY,1990,1999,23.791183333333336,0.06742424242424354,0.4464611808106277,0.2925666666666667
PRY,2000,2009,24.067191666666666,-0.1839242424242471,0.35764945358525424,0.31709166666666666
PSE,1960,1969,23.282366666666668,-0.4164848484848491,0.19950335030899016,0.24886666666666665
PSE,1970,1979,23.38355,0.23029292929292944,0.1825065705862272,0.2418333333333334
PSE,1980,1989,23.425941666666667,0.3595404040404031,0.20212301635203314,0.231075
PSE,1990,1999,23.64228333333333,0.868828282828285,0.26669432046567715,0.26431666666666664
PSE,2000,2009,23.905641666666664,0.011499999999997852,0.19024979275146506,0.27093333333333336
PYF,1960,1969,26.163183333333336,0.29712121212121256,0.2248242404308252,0.3887583333333333
PYF,1970,1979,26.224991666666664,-0.11201515151515325,0.27561807432681734,0.34899166666666664
PYF,1980,1989,26.461333333333336,0.2986262626262639,0.13439898165577213,0.36084166666666667
PYF,1990,1999,26.668191666666665,0.001954545454547682,0.13883751898492613,0.38198333333333334
PYF,2000,2009,26.789883333333336,0.10011111111111148,0.16991199368116366,0.39544999999999997
QAT,1960,1969,26.908791666666662,0.1664191919191908,0.3570142249390483,0.6193833333333333
QAT,1970,1979,26.950258333333334,0.6032575757575751,0.3561956285324593,0.5295500000000001
QAT,1980,1989,26.994466666666664,0.12160606060606077,0.4277886416041482,0.5583833333333333
QAT,1990,1999,27.362775,1.7852474747474754,0.4872293636435348,0.36169166666666663
QAT,2000,2009,28.119241666666664,-0.17458080808080617,0.13055931443833158,0.496525
REU,1960,1969,23.296100000000003,0.1957777777777789,0.388607814827309,0.3698916666666667
REU,1970,1979,23.49686666666667,0.5208080808080799,0.2538368485813627,0.36526666666666663
REU,1980,1989,23.593208333333333,0.215772727272729,0.20067633629117887,0.35934166666666667
REU,1990,1999,23.854525000000002,0.3381262626262659,0.14909500400994496,0.3975416666666667
REU,2000,2009,24.07679166666667,-0.0074595959595964096,0.1435412569366316,0.3678166666666666
ROU,1960,1969,9.089175000000001,-0.4158636363636361,0.5388858077595975,0.2997
ROU,1970,1979,9.0265,-0.1998181818181825,0.46677459075514727,0.25340833333333335
ROU,1980,1989,8.899199999999999,0.6096262626262614,0.5255283906284495,0.23476666666666665
ROU,1990,1999,9.356991666666666,-0.32536868686868836,0.7249935210180465,0.23500833333333335
ROU,2000,2009,9.979400000000002,0.48924242424242315,0.5940034055856607,0.25327500000000003
RUS,1960,1969,-5.504250000000001,-0.9476565656565659,0.7425917698971907,0.23424999999999999
RUS,1970,1979,-5.344241666666667,-0.37779292929292935,0.5463460231491111,0.21739166666666665
RUS,1980,1989,-4.902166666666667,0.1240909090909095,0.7580793173559862,0.20001666666666668
RUS,1990,1999,-4.503116666666666,-0.6262929292929305,0.581400428434387,0.2131
RUS,2000,2009,-4.063575,0.7076010101010097,0.5877405635587656,0.2273416666666667
RWA,1960,1969,19.17536666666667,0.13734343434343285,0.14258956462961964,0.463075
RWA,1970,1979,19.337766666666667,0.4396161616161617,0.18725944259303573,0.36692500000000006
RWA,1980,1989,19.660050000000002,-0.10817171717171921,0.2745168726079089,0.5075999999999999
RWA,1990,1999,19.688183333333335,0.2779494949494926,0.19583560301476294,0.5775250000000001
RWA,2000,2009,19.96526666666667,0.15419191919192043,0.23705851758468058,0.580675
SAU,1960,1969,25.782550000000004,-0.22348484848484698,0.40006314284871825,0.5033083333333332
SAU,1970,1979,25.695083333333336,0.7384444444444448,0.3602983423126609,0.4857666666666667
SAU,1980,1989,25.653383333333334,0.18675757575757415,0.47462432952883515,0.385075
SAU,1990,1999,26.068899999999996,1.3993131313131313,0.4560333500092009,0.3353416666666667
SAU,2000,2009,26.641774999999996,-0.05463131313131654,0.1296311479949547,0.31645833333333334
SDN,1960,1969,27.112366666666674,0.058232323232324745,0.4153739327437301,0.3200833333333334
SDN,1970,1979,27.176300000000005,0.3521414141414169,0.30727825692554117,0.3137333333333333
SDN,1980,1989,27.31954166666667,-0.2740353535353567,0.2913824911270894,0.367225
SDN,1990,1999,27.544258333333335,0.437419191919191,0.24948919980867945,0.5186916666666667
SDN,2000,2009,27.843408333333336,0.44294444444444797,0.19715347575965997,0.3773833333333333
SEN,1960,1969,28.037158333333338,0.0694292929292915,0.3314346389743895,0.3277
SEN,1970,1979,28.134725000000003,0.13729797979797745,0.4120538728108138,0.31024166666666664
SEN,1980,1989,28.42174166666667,-0.11515656565656596,0.3397268215231944,0.31662500000000005
SEN,1990,1999,28.588125,0.2686212121212106,0.3061120269377117,0.35623333333333335
SEN,2000,2009,28.766933333333334,-0.14404040404040375,0.17276847109192686,0.45838333333333336
SGP,1960,1969,26.76636666666667,0.13639393939393651,0.14651291805546338,0.2902166666666667
SGP,1970,1979,26.79175,0.0728787878787864,0.1560105039954112,0.3093916666666667
SGP,1980,1989,26.927141666666664,-0.011045454545453672,0.22893482254603797,0.2696
SGP,1990,1999,27.143549999999998,0.40844444444444794,0.22279180292048498,0.25244999999999995
SGP,2000,2009,27.282541666666667,0.08327777777777506,0.15213685799197632,0.266475
SLB,1960,1969,26.610433333333333,-0.03214141414141014,0.1559653798445793,0.3004833333333333
SLB,1970,1979,26.764408333333336,0.34757070707070625,0.1604883601363178,0.3724166666666667
SLB,1980,1989,26.989675,0.19694444444444512,0.12212476459576894,0.3638
SLB,1990,1999,27.047874999999998,0.08558080808080754,0.1916194958545325,0.4137166666666666
SLB,2000,2009,27.313075000000005,-0.080328282828286,0.09437921806847767,0.43718333333333337
SLE,1960,1969,26.145325000000003,0.055227272727272014,0.16956560960169995,0.29943333333333333
SLE,1970,1979,26.252183333333335,0.09623232323232339,0.26015424138697896,0.323
SLE,1980,1989,26.431833333333334,0.0862626262626264,0.22444002093767434,0.32935000000000003
SLE,1990,1999,26.608666666666664,0.28960606060605876,0.1767832633315835,0.45800833333333335
SLE,2000,2009,26.888508333333334,0.2095101010101011,0.1425975256154004,0.56195
SLV,1960,1969,25.059425,0.06805555555555846,0.19609877544877763,0.379225
SLV,1970,1979,25.167633333333335,0.22798989898989996,0.2412705668132781,0.32609999999999995
SLV,1980,1989,25.335566666666665,0.04331313131313279,0.28383891649691884,0.3771583333333333
SLV,1990,1999,25.71003333333333,0.06146464646464827,0.2721566467949803,0.407625
SLV,2000,2009,25.59695,0.031414141414136745,0.1812933235243593,0.38405833333333333
SMR,1960,1969,13.956975,-0.2520858585858581,0.3849933192704821,0.3487083333333334
SMR,1970,1979,13.903166666666667,-0.037969696969697944,0.2948737701931519,0.31365000000000004
SMR,1980,1989,14.085641666666666,0.7598232323232332,0.337972769453224,0.326325
SMR,1990,1999,14.647116666666665,0.34120202020202206,0.4443534114683675,0.3491416666666667
SMR,2000,2009,15.0374,-0.09545454545454521,0.46348934811243764,0.32372500000000004
SOM,1960,1969,26.796766666666667,0.05935353535353555,0.2059442045668865,0.6113333333333333
SOM,1970,1979,26.983641666666664,0.1512373737373755,0.3334235829284196,0.8184583333333334
SOM,1980,1989,27.144641666666665,-0.10610606060605975,0.2753551365173877,0.6020166666666665
SOM,1990,1999,27.239275000000003,0.3415606060606061,0.15132381568729875,0.6699916666666667
SOM,2000,2009,27.692966666666667,0.20960606060605785,0.1584347530044965,0.6473083333333334
SPM,1960,1969,4.8927916666666675,0.3951161616161611,0.4902287596655435,0.38375
SPM,1970,1979,4.536766666666667,0.3163838383838385,0.7017618436905838,0.39896666666666664
SPM,1980,1989,4.734533333333333,-0.5219393939393943,0.6973146217899528,0.324925
SPM,1990,1999,4.678358333333334,2.418732323232323,0.6040884682393657,0.2918583333333334
SPM,2000,2009,5.502358333333333,0.10939898989899038,0.5189058327502707,0.33660000000000007
SRB,1960,1969,10.218025,-0.3785707070707079,0.42983928539642413,0.3493583333333333
SRB,1970,1979,10.101166666666668,0.02255555555555556,0.4163451371771128,0.2934833333333333
SRB,1980,1989,10.129825,0.7325909090909093,0.3116819730572239,0.26740833333333336
SRB,1990,1999,10.558608333333334,-0.29656060606060664,0.6259738935483178,0.2579
SRB,2000,2009,11.085075,0.1313484848484849,0.6163377419022412,0.2639666666666667
STP,1960,1969,25.917658333333332,0.09823737373737154,0.1597725519883625,0.297125
STP,1970,1979,25.94959166666667,0.12676262626263074,0.2484859582658415,0.3033416666666666
STP,1980,1989,26.043875000000003,0.2617323232323262,0.206873474012272,0.37385833333333335
STP,1990,1999,26.20310833333333,0.5108333333333338,0.22733177812545002,0.4095083333333333
STP,2000,2009,26.506316666666663,0.7615454545454523,0.12445430223402014,0.44827500000000003
SUR,1960,1969,26.492558333333335,0.1850757575757557,0.20759439214446992,0.2959666666666667
SUR,1970,1979,26.314100000000003,0.33910101010100585,0.2196811128628758,0.251075
SUR,1980,1989,26.55145,-0.020282828282829173,0.3065423873789853,0.26264166666666666
SUR,1990,1999,26.835150000000006,0.4762525252525265,0.21547823144944914,0.2653916666666667
SUR,2000,2009,27.023075,0.39624747474747474,0.22369663999957756,0.33100833333333335
SVK,1960,1969,7.672108333333332,-0.07248989898989958,0.625236417993793,0.3376
SVK,1970,1979,7.818175000000001,0.007954545454545863,0.45884994273672364,0.2962916666666666
SVK,1980,1989,7.749958333333334,0.6945505050505062,0.6552155324028748,0.27667500000000006
SVK,1990,1999,8.242425,-0.24197474747474743,0.6348153430500811,0.2637833333333333
SVK,2000,2009,8.790208333333332,0.2989242424242428,0.5724538413505427,0.27163333333333334
SVN,1960,1969,9.702558333333332,-0.13147979797979864,0.5228651981100749,0.34007499999999996
SVN,1970,1979,9.779641666666667,0.15208585858585955,0.39901024270579555,0.2918916666666667
SVN,1980,1989,9.883241666666667,0.7534696969696958,0.4364228987126627,0.2933166666666666
SVN,1990,1999,10.466341666666668,-0.06781313131313253,0.578263763794814,0.2796416666666667
SVN,2000,2009,10.953983333333333,-0.08387878787878822,0.5659379439207527,0.2731166666666667
SWE,1960,1969,2.3549333333333333,-1.1254949494949495,0.6699157311208755,0.2975583333333333
SWE,1970,1979,2.6887750000000006,-0.8471161616161614,0.8237285095723162,0.26719166666666666
SWE,1980,1989,2.502925,1.1137222222222225,1.0457749050128964,0.23376666666666662
SWE,1990,1999,3.3259249999999994,-0.9012474747474747,0.5497875501749268,0.23293333333333335
SWE,2000,2009,3.889208333333334,0.17716666666666656,0.3990363109657264,0.24202500000000002
SWZ,1960,1969,18.98979166666667,0.060126262626261986,0.2723504666825567,0.30169999999999997
SWZ,1970,1979,19.028108333333336,0.16579292929292977,0.2954407664072337,0.302925
SWZ,1980,1989,19.305574999999997,0.5106919191919191,0.3226979414846944,0.31271666666666664
SWZ,1990,1999,19.504625,0.09134848484848544,0.40799103989715646,0.31575833333333336
SWZ,2000,2009,19.520400000000002,-0.0025959595959613693,0.30283867252837915,0.4211083333333333
SXM,1960,1969,26.82451666666667,-0.3831515151515186,0.19652735114348563,0.35830833333333334
SXM,1970,1979,26.748399999999997,0.15963636363636516,0.2400512064246888,0.3485083333333333
SXM,1980,1989,27.048000000000002,-0.14423232323232413,0.21073963294046585,0.31251666666666666
SXM,1990,1999,27.266525,0.514823232323232,0.1753312746056579,0.2825583333333333
SXM,2000,2009,27.467358333333333,0.17423737373737228,0.22859127260699108,0.2679833333333333
SYC,1960,1969,26.834600000000002,0.07390909090908897,0.16026912218632372,0.5095666666666666
SYC,1970,1979,26.851266666666668,0.13819191919191937,0.24532876219863806,0.7119166666666668
SYC,1980,1989,27.060499999999998,0.10220202020202002,0.250175789972801,0.6064416666666667
SYC,1990,1999,27.2138,0.20819191919191818,0.22050323341083147,0.5804083333333333
SYC,2000,2009,27.489058333333332,0.2965707070707088,0.16486938574680357,0.6419666666666667
SYR,1960,1969,18.42941666666667,-0.7796565656565653,0.6566894125525008,0.29425833333333334
SYR,1970,1979,18.2337,0.6795252525252533,0.48831369384746154,0.27115
SYR,1980,1989,18.232016666666667,0.4001515151515157,0.3689863836114882,0.2523333333333333
SYR,1990,1999,18.51644166666667,1.1951767676767695,0.6172255640397827,0.28664999999999996
SYR,2000,2009,18.93974166666667,0.09893434343434371,0.21770402306184786,0.28547500000000003
TCA,1960,1969,26.92096666666667,-0.029323232323234034,0.13370102653614954,0.45830000000000004
TCA,1970,1979,26.845425,0.3866111111111126,0.15580513344897798,0.3940666666666667
TCA,1980,1989,27.137058333333336,-0.2893080808080824,0.183002401708423,0.45820833333333333
TCA,1990,1999,27.343466666666664,0.3438282828282837,0.279333498100821,0.44710833333333333
TCA,2000,2009,27.465825000000002,0.2395505050505031,0.22673803495350145,0.4203916666666667
TCD,1960,1969,27.119558333333334,0.4036818181818199,0.43667568169299564,0.5349166666666666
TCD,1970,1979,27.194975,0.14928787878787697,0.3185569990067118,0.4177916666666667
TCD,1980,1989,27.342583333333334,-0.10839393939394021,0.24311308138870708,0.5455833333333333
TCD,1990,1999,27.56843333333334,0.542080808080805,0.2448595579207092,0.66225
TCD,2000,2009,27.889758333333333,0.5756818181818193,0.202727348509999,0.6795833333333333
TGO,1960,1969,26.887416666666667,0.17004040404040494,0.1627886415744785,0.2592833333333333
TGO,1970,1979,27.022033333333333,-0.06371717171717013,0.3046292840357052,0.24775833333333336
TGO,1980,1989,27.279533333333337,0.14223232323232277,0.2657974061230806,0.26958333333333334
TGO,1990,1999,27.279608333333336,0.29086363636363877,0.22382752379824053,0.2674916666666666
TGO,2000,2009,27.612608333333334,0.3128535353535361,0.1307466708482373,0.3210416666666666
THA,1960,1969,26.357400000000002,0.13665656565656742,0.23158396070290513,0.2428
THA,1970,1979,26.2725,0.49711111111111256,0.2929480905294584,0.21471666666666667
THA,1980,1989,26.35865,-0.09363636363636546,0.22318447687573212,0.1984
THA,1990,1999,26.526175000000002,0.19434848484848502,0.3412506777372254,0.18780000000000002
THA,2000,2009,26.600208333333335,-0.013136363636364782,0.2010708828145567,0.21065833333333334
TJK,1960,1969,4.129150000000001,-0.6570808080808084,0.4858825710582875,0.4713166666666667
TJK,1970,1979,4.260816666666666,-0.10510101010101044,0.6541153461750904,0.4847833333333333
TJK,1980,1989,4.677516666666667,-0.32689898989899047,0.46822271923248443,0.42214999999999997
TJK,1990,1999,4.805991666666666,0.728277777777778,0.41962562912839263,0.44312500000000005
TJK,2000,2009,5.355883333333333,-0.2694545454545453,0.27761165734740645,0.4726666666666667
TKM,1960,1969,15.064283333333332,-1.0231414141414137,0.7050348800715257,0.4029583333333333
TKM,1970,1979,14.992241666666667,0.12545959595959627,0.8091492521136224,0.36113333333333336
TKM,1980,1989,15.474516666666668,0.335,0.5917310617017801,0.29525833333333334
TKM,1990,1999,15.730016666666668,1.0902626262626267,0.5241368664658372,0.28090000000000004
TKM,2000,2009,16.32625833333333,-0.19784343434343332,0.3226552985111411,0.28955
TLS,1960,1969,25.97765,0.29924242424242703,0.20208922942559626,0.5177666666666666
TLS,1970,1979,26.322000000000003,-0.16205050505050705,0.2920782155954807,0.49940833333333334
TLS,1980,1989,26.410249999999998,0.5174141414141415,0.24504124688106402,0.47953333333333326
TLS,1990,1999,26.376891666666666,0.04011616161616397,0.29051863810634854,0.41751666666666665
TLS,2000,2009,26.466266666666666,0.17453535353535465,0.22297891991850094,0.35673333333333335
TON,1960,1969,23.198583333333335,-0.25706060606060965,0.24421252186597375,0.47454999999999997
TON,1970,1979,23.604075,-0.4961868686868659,0.3289965190248827,0.46570833333333334
TON,1980,1989,23.582641666666667,0.27962121212121316,0.3035119933951217,0.34321666666666667
TON,1990,1999,23.64974166666667,0.4852575757575736,0.2848771733081711,0.350125
TON,2000,2009,23.85001666666667,-0.48691919191918875,0.23256096708985252,0.44376666666666675
TTO,1960,1969,26.438216666666666,-0.19229292929292907,0.22830140322510584,0.32537499999999997
TTO,1970,1979,26.327875,0.4351161616161606,0.22789650512925946,0.3147666666666667
TTO,1980,1989,26.546083333333335,-0.14962626262626127,0.3075782664198055,0.31966666666666665
TTO,1990,1999,26.749041666666663,0.5005909090909089,0.2060471018797454,0.2889
TTO,2000,2009,26.939483333333335,0.20109090909091176,0.16219516569025372,0.2939833333333334
TUN,1960,1969,20.175508333333333,-0.43806565656565577,0.1725615572485075,0.3849166666666667
TUN,1970,1979,19.889608333333335,0.2082979797979797,0.3474620904265341,0.3293416666666667
TUN,1980,1989,20.3622,1.0920909090909094,0.2925907438355264,0.32529166666666665
TUN,1990,1999,20.74335,1.0277676767676813,0.4272249291814606,0.2894916666666666
TUN,2000,2009,21.220033333333337,-0.3260303030303033,0.22921017817719752,0.2709666666666667
TUR,1960,1969,12.13455,-0.8038484848484853,0.7115159551107086,0.236775
TUR,1970,1979,11.856683333333333,0.4038787878787876,0.5514839578373645,0.2092416666666667
TUR,1980,1989,11.951616666666666,-0.15120202020202186,0.3450263842473298,0.20079166666666665
TUR,1990,1999,12.045566666666668,1.545666666666667,0.6409701407213103,0.24034166666666668
TUR,2000,2009,12.563666666666666,0.24236363636363578,0.32218070648608726,0.24199166666666666
TWN,1960,1969,22.218025,-0.42297474747474634,0.27215160198527294,0.2439
TWN,1970,1979,22.234858333333335,0.28228787878787875,0.18833585350359483,0.23185833333333333
TWN,1980,1989,22.233449999999998,-0.11076767676767799,0.20970147503683143,0.19435000000000002
TWN,1990,1999,22.566983333333333,0.5179696969696962,0.3427022651054669,0.19011666666666666
TWN,2000,2009,22.846408333333333,0.07523737373737413,0.20681936601536474,0.23645833333333338
TZA,1960,1969,22.275166666666667,0.0877878787878824,0.233369750224542,0.30780833333333335
TZA,1970,1979,22.338308333333334,0.24577272727272712,0.1576710152374728,0.29968333333333336
TZA,1980,1989,22.649308333333334,0.060469696969697825,0.29452972283264306,0.3418
TZA,1990,1999,22.817908333333335,0.18462121212121455,0.13340692949912122,0.3706583333333334
TZA,2000,2009,23.041891666666665,0.15315656565656438,0.29647529510556353,0.29910000000000003
UGA,1960,1969,22.968466666666664,0.0338585858585887,0.14134613964146667,0.36678333333333335
UGA,1970,1979,23.153491666666664,0.22562121212120984,0.13907117220024232,0.386525
UGA,1980,1989,23.439258333333335,-0.14165151515151392,0.26657356718696434,0.42233333333333334
UGA,1990,1999,23.425908333333332,0.40040909090908566,0.17717826653208113,0.49243333333333333
UGA,2000,2009,23.728683333333333,0.2003535353535342,0.21969889037435822,0.4704583333333333
UKR,1960,1969,8.004841666666668,-0.8676818181818192,0.7484018695790717,0.26399166666666674
UKR,1970,1979,8.028766666666666,-0.619212121212122,0.6937830271609817,0.22032500000000002
UKR,1980,1989,7.880633333333333,0.16136363636363582,1.0707445573126162,0.210725
UKR,1990,1999,8.417550000000002,-0.09974747474747409,0.724845937666784,0.19970000000000002
UKR,2000,2009,9.111799999999999,0.5769797979797971,0.5156196804824854,0.21159999999999995
URY,1960,1969,17.383116666666666,0.1250404040404045,0.41488917548759374,0.3368083333333333
URY,1970,1979,17.408258333333333,0.14517676767676807,0.29423011484971207,0.30309166666666665
URY,1980,1989,17.754683333333332,-0.21985858585858714,0.374566038228261,0.2940583333333333
URY,1990,1999,17.801833333333335,0.022424242424242916,0.2797793605690905,0.25956666666666667
URY,2000,2009,18.009324999999997,-0.08320707070706888,0.3278391315060655,0.3043666666666667
USA,1960,1969,8.721916666666667,-0.1103939393939394,0.19981832327797308,0.19353333333333333
USA,1970,1979,8.696925,0.2559545454545441,0.2525247155953887,0.18774166666666664
USA,1980,1989,9.104308333333332,0.10156060606060621,0.4278023069839971,0.17015833333333333
USA,1990,1999,9.317558333333334,0.3179444444444449,0.3860576543063997,0.15925833333333334
USA,2000,2009,9.646725,-0.5735202020202012,0.28602992908603,0.15786666666666668
UZB,1960,1969,12.633083333333335,-0.8902121212121201,0.7370997651448927,0.394275
UZB,1970,1979,12.577033333333336,0.3208989898989906,0.8027230836750121,0.37451666666666666
UZB,1980,1989,13.048600000000002,0.03072727272727411,0.613944732731282,0.29445
UZB,1990,1999,13.1377,0.8028282828282839,0.6306629938431595,0.2821666666666666
UZB,2000,2009,13.817633333333333,-0.3151313131313138,0.3544287313126193,0.2769583333333333
VCT,1960,1969,27.09744166666667,-0.218318181818183,0.19760176326703294,0.3071833333333333
VCT,1970,1979,26.977741666666667,0.20464141414141238,0.21627749883005984,0.2778083333333333
VCT,1980,1989,27.222575,-0.17513636363636642,0.2731132055832772,0.252025
VCT,1990,1999,27.436558333333334,0.5263989898989919,0.1705747717818331,0.21429166666666663
VCT,2000,2009,27.617133333333335,0.23144444444444426,0.20780776769109724,0.22889166666666666
VEN,1960,1969,25.36564166666667,-0.06656060606060758,0.18736293913043717,0.300275
VEN,1970,1979,25.255316666666666,0.5019090909090893,0.25795145702378897,0.32030833333333336
VEN,1980,1989,25.440608333333337,-0.15393434343434342,0.2889051052978989,0.3346083333333333
VEN,1990,1999,25.64456666666667,0.23766666666666958,0.22920984239742348,0.31453333333333333
VEN,2000,2009,25.821475000000003,0.33588383838384106,0.17471528712824227,0.30310833333333337
VGB,1960,1969,26.572900000000004,-0.4222424242424255,0.19920593177606444,0.306925
VGB,1970,1979,26.46023333333333,0.1479494949494965,0.23114076014573426,0.2880916666666667
VGB,1980,1989,26.774041666666665,-0.151045454545451,0.21138137425419903,0.27458333333333335
VGB,1990,1999,26.988466666666664,0.4624949494949455,0.18131084099544845,0.278575
VGB,2000,2009,27.199941666666668,0.26412626262626476,0.2282233572101703,0.2557083333333333
VIR,1960,1969,26.572900000000004,-0.4222424242424255,0.19920593177606444,0.306925
VIR,1970,1979,26.46023333333333,0.1479494949494965,0.23114076014573426,0.2880916666666667
VIR,1980,1989,26.774041666666665,-0.151045454545451,0.21138137425419903,0.27458333333333335
VIR,1990,1999,26.988466666666664,0.4624949494949455,0.18131084099544845,0.278575
VIR,2000,2009,27.199941666666668,0.26412626262626476,0.2282233572101703,0.2557083333333333
VNM,1960,1969,24.001375,0.07901515151515265,0.2656971456456859,0.25305833333333333
VNM,1970,1979,23.895441666666667,0.16817676767676742,0.2610753184508783,0.25166666666666665
VNM,1980,1989,24.048383333333334,0.009545454545455552,0.23776162953756655,0.26003333333333334
VNM,1990,1999,24.135450000000002,0.21533333333333446,0.3187565022333647,0.22849166666666668
VNM,2000,2009,24.248808333333333,0.08519696969696891,0.24327838910840854,0.22576666666666667
WSM,1960,1969,26.376741666666668,-0.09226767676767708,0.17914899135010082,0.349775
WSM,1970,1979,26.47964166666667,0.1288232323232322,0.17302149118072047,0.3117833333333333
WSM,1980,1989,26.633574999999997,-0.008742424242422707,0.09951901695782257,0.29539166666666666
WSM,1990,1999,26.8231,0.13342424242424303,0.1626106048519767,0.3701083333333334
WSM,2000,2009,26.961733333333335,-0.23649494949495203,0.17455829639479886,0.3944083333333333
YEM,1960,1969,26.273041666666664,0.15921717171717054,0.20024218303081368,0.6993916666666666
YEM,1970,1979,26.300225,0.41100505050504643,0.3339825368958168,0.924825
YEM,1980,1989,26.280400000000004,-0.29393939393939617,0.3763135635611478,0.7664333333333333
YEM,1990,1999,26.768391666666666,0.9223888888888919,0.2581577421964462,0.7106916666666667
YEM,2000,2009,27.225241666666665,-0.14141919191919028,0.1809668938932534,0.6770916666666666
ZAF,1960,1969,17.495358333333336,-0.17079292929292847,0.2403686716424283,0.2514333333333333
ZAF,1970,1979,17.43609166666667,-0.01201515151515161,0.28047311560047145,0.25984166666666664
ZAF,1980,1989,17.779908333333335,0.1732272727272709,0.3391481334954138,0.23684166666666662
ZAF,1990,1999,17.893950000000004,0.24103030303030196,0.37283155172974214,0.2202
ZAF,2000,2009,17.939116666666667,0.09985858585858431,0.22270803844737205,0.25776666666666664
ZMB,1960,1969,21.310158333333334,0.0615808080808103,0.221404735986996,0.28526666666666667
ZMB,1970,1979,21.252458333333333,-0.1999242424242434,0.28460103358297617,0.29153333333333337
ZMB,1980,1989,21.666858333333334,0.44028787878787917,0.3802192048212805,0.40460833333333335
ZMB,1990,1999,21.999275000000004,-0.1821969696969704,0.33906654347410775,0.4494083333333333
ZMB,2000,2009,21.922075,-0.1941969696969722,0.389353684830559,0.46187500000000004
ZWE,1960,1969,21.21174166666667,0.09896464646464646,0.22095476666776526,0.24714166666666665
ZWE,1970,1979,21.111908333333332,-0.40622727272727177,0.3603544186918026,0.22031666666666666
ZWE,1980,1989,21.5227,0.43690909090909136,0.48612226607691766,0.23678333333333335
ZWE,1990,1999,21.94659166666667,-0.5882272727272703,0.41447925230248384,0.2607083333333333
ZWE,2000,2009,21.68016666666667,-0.060909090909091926,0.3964308957518599,0.33951666666666663
