cca3,country,continent,area_km2,year,population,density_per_km2,growth_prior_decade_pct
ABW,Aruba,North America,180,1970,59106,328.3666666666667,
ABW,Aruba,North America,180,1980,62267,345.9277777777778,5.34801881365683
ABW,Aruba,North America,180,1990,65712,365.06666666666666,5.532625628342469
ABW,Aruba,North America,180,2000,89101,495.00555555555553,35.59319454589725
ABW,Aruba,North America,180,2010,100341,557.45,12.614897700362505
AFG,Afghanistan,Asia,652230,1970,10752971,16.48647103015807,
AFG,Afghanistan,Asia,652230,1980,12486631,19.144521104518343,16.122613926885876
AFG,Afghanistan,Asia,652230,1990,10694796,16.39727703417506,-14.350027641563202
AFG,Afghanistan,Asia,652230,2000,19542982,29.963328887049048,82.7335649974062
AFG,Afghanistan,Asia,652230,2010,28189672,43.22044677491069,44.244476098888086
AGO,Angola,Africa,1246700,1970,6029700,4.836528435068581,
AGO,Angola,Africa,1246700,1980,8330047,6.6816772278816075,38.15027281622634
AGO,Angola,Africa,1246700,1990,11828638,9.487958610732333,41.99965498393947
AGO,Angola,Africa,1246700,2000,16394062,13.14996550894361,38.59636248907101
AGO,Angola,Africa,1246700,2010,23364185,18.74082377476538,42.51614395504908
AIA,Anguilla,North America,91,1970,6283,69.04395604395604,
AIA,Anguilla,North America,91,1980,6560,72.08791208791209,4.408721948113947
AIA,Anguilla,North America,91,1990,8316,91.38461538461539,26.76829268292682
AIA,Anguilla,North America,91,2000,11047,121.3956043956044,32.840307840307844
AIA,Anguilla,North America,91,2010,13172,144.74725274725276,19.23599167194714
ALB,Albania,Europe,28748,1970,2324731,80.86583414498399,
ALB,Albania,Europe,28748,1980,2941651,102.32541394183943,26.53726388128348
ALB,Albania,Europe,28748,1990,3295066,114.61896479755113,12.014171633548653
ALB,Albania,Europe,28748,2000,3182021,110.68669124808682,-3.43073553003187
ALB,Albania,Europe,28748,2010,2913399,101.3426673159872,-8.44186760552491
AND,Andorra,Europe,468,1970,19860,42.43589743589744,
AND,Andorra,Europe,468,1980,35611,76.09188034188034,79.31017119838873
AND,Andorra,Europe,468,1990,53569,114.46367521367522,50.428238465642636
AND,Andorra,Europe,468,2000,66097,141.23290598290598,23.386660195262188
AND,Andorra,Europe,468,2010,71519,152.81837606837607,8.203095450625586
ARE,United Arab Emirates,Asia,83600,1970,298084,3.565598086124402,
ARE,United Arab Emirates,Asia,83600,1980,1014048,12.12976076555024,240.18867164960213
ARE,United Arab Emirates,Asia,83600,1990,1900151,22.72907894736842,87.38274716778693
ARE,United Arab Emirates,Asia,83600,2000,3275333,39.17862440191387,72.37224831079214
ARE,United Arab Emirates,Asia,83600,2010,8481771,101.4565909090909,158.95904324842695
ARG,Argentina,South America,2780400,1970,23842803,8.575313983599482,
ARG,Argentina,South America,2780400,1980,28024803,10.079414113077256,17.539884048029087
ARG,Argentina,South America,2780400,1990,32637657,11.738475399223134,16.459898041031717
ARG,Argentina,South America,2780400,2000,37070774,13.332892389584233,13.582828571303395
ARG,Argentina,South America,2780400,2010,41100123,14.782089987052222,10.869341438622238
ARM,Armenia,Asia,29743,1970,2534377,85.20919207880846,
ARM,Armenia,Asia,29743,1980,3135123,105.40708738190499,23.70389251480738
ARM,Armenia,Asia,29743,1990,3556539,119.57566486232055,13.441769270296566
ARM,Armenia,Asia,29743,2000,3168523,106.5300406818411,-10.909932380890519
ARM,Armenia,Asia,29743,2010,2946293,99.05836667451165,-7.013677981823074
ASM,American Samoa,Oceania,199,1970,27075,136.05527638190955,
ASM,American Samoa,Oceania,199,1980,32886,165.25628140703517,21.462603878116337
ASM,American Samoa,Oceania,199,1990,47818,240.29145728643215,45.40533965821323
ASM,American Samoa,Oceania,199,2000,58230,292.61306532663315,21.774227278430725
ASM,American Samoa,Oceania,199,2010,54849,275.62311557788945,-5.806285419886659
ATG,Antigua and Barbuda,North America,442,1970,64516,145.96380090497738,
ATG,Antigua and Barbuda,North America,442,1980,64888,146.8054298642534,0.5766011532023052
ATG,Antigua and Barbuda,North America,442,1990,63328,143.2760180995475,-2.4041425225003077
ATG,Antigua and Barbuda,North America,442,2000,75055,169.80769230769232,18.51787518948964
ATG,Antigua and Barbuda,North America,442,2010,85695,193.88009049773757,14.176270734794482
AUS,Australia,Oceania,7692024,1970,12595034,1.6374148078581139,
AUS,Australia,Oceania,7692024,1980,14706322,1.9118923705906274,16.762860663972813
AUS,Australia,Oceania,7692024,1990,17048003,2.2163221279600793,15.922954767344265
AUS,Australia,Oceania,7692024,2000,19017963,2.472426373084639,11.555371030847429
AUS,Australia,Oceania,7692024,2010,22019168,2.8625974125925766,15.780896197978711
AUT,Austria,Europe,83871,1970,7465301,89.00932384256775,
AUT,Austria,Europe,83871,1980,7547561,89.9901157730324,1.10189796767739
AUT,Austria,Europe,83871,1990,7678729,91.55404132536871,1.7378859210279929
AUT,Austria,Europe,83871,2000,8010428,95.50891249657212,4.319712285718125
AUT,Austria,Europe,83871,2010,8362829,99.71061511130188,4.399278041073451
AZE,Azerbaijan,Asia,86600,1970,5425317,62.64800230946882,
AZE,Azerbaijan,Asia,86600,1980,6383060,73.70739030023094,17.653217314306247
AZE,Azerbaijan,Asia,86600,1990,7427836,85.77177829099307,16.367948914783813
AZE,Azerbaijan,Asia,86600,2000,8190337,94.57663972286375,10.265452818290544
AZE,Azerbaijan,Asia,86600,2010,9237202,106.66515011547344,12.781708493801913
BDI,Burundi,Africa,27834,1970,3497834,125.66767263059567,
BDI,Burundi,Africa,27834,1980,4312834,154.94840842135517,23.30013373990876
BDI,Burundi,Africa,27834,1990,5483793,197.01778400517352,27.150569671821366
BDI,Burundi,Africa,27834,2000,6307659,226.61705108859667,15.02365242451711
BDI,Burundi,Africa,27834,2010,9126605,327.89412229647195,44.69084330652624
BEL,Belgium,Europe,30528,1970,9629376,315.42767295597486,
BEL,Belgium,Europe,30528,1980,9828986,321.9662604821803,2.0729276746489056
BEL,Belgium,Europe,30528,1990,9959560,326.2434486373166,1.3284585001952287
BEL,Belgium,Europe,30528,2000,10264343,336.2271685010482,3.0602054709244264
BEL,Belgium,Europe,30528,2010,10877947,356.3268802410901,5.97801534886353
BEN,Benin,Africa,112622,1970,3023443,26.845935962778142,
BEN,Benin,Africa,112622,1980,3833939,34.042540533821104,26.807054077090253
BEN,Benin,Africa,112622,1990,5133419,45.580961091083445,33.894122989437236
BEN,Benin,Africa,112622,2000,6998023,62.137264477633146,36.322848378439396
BEN,Benin,Africa,112622,2010,9445710,83.8709133206656,34.976835600568904
BFA,Burkina Faso,Africa,272967,1970,5611666,20.55803815113182,
BFA,Burkina Faso,Africa,272967,1980,6932967,25.398553671322908,23.545610162828655
BFA,Burkina Faso,Africa,272967,1990,9131361,33.452252470078804,31.709281177885316
BFA,Burkina Faso,Africa,272967,2000,11882888,43.532324420168,30.132715156043012
BFA,Burkina Faso,Africa,272967,2010,16116845,59.04319936109493,35.63070694598822
BGD,Bangladesh,Asia,147570,1970,67541860,457.69370468252356,
BGD,Bangladesh,Asia,147570,1980,83929765,568.7454428406858,24.26333091804105
BGD,Bangladesh,Asia,147570,1990,107147651,726.080172121705,27.66347076034348
BGD,Bangladesh,Asia,147570,2000,129193327,875.4714847191163,20.575043684345438
BGD,Bangladesh,Asia,147570,2010,148391139,1005.564403334011,14.859755101747641
BGR,Bulgaria,Europe,110879,1970,8582950,77.40825584646326,
BGR,Bulgaria,Europe,110879,1980,8980606,80.994651827668,4.6330923516972655
BGR,Bulgaria,Europe,110879,1990,8767778,79.07519007206054,-2.3698623455922663
BGR,Bulgaria,Europe,110879,2000,8097691,73.03178239341986,-7.6426091080317065
BGR,Bulgaria,Europe,110879,2010,7592273,68.47349813760947,-6.2415076100088225
BHR,Bahrain,Asia,765,1970,222555,290.921568627451,
BHR,Bahrain,Asia,765,1980,362595,473.98039215686276,62.9237716519512
BHR,Bahrain,Asia,765,1990,517418,676.3633986928105,42.69860312469835
BHR,Bahrain,Asia,765,2000,711442,929.9895424836601,37.49850217812292
BHR,Bahrain,Asia,765,2010,1213645,1586.4640522875818,70.58945072121128
BHS,Bahamas,North America,13943,1970,179129,12.84723517177078,
BHS,Bahamas,North America,13943,1980,223752,16.0476224628846,24.911097588888452
BHS,Bahamas,North America,13943,1990,270679,19.41325396256186,20.972773427723546
BHS,Bahamas,North America,13943,2000,325014,23.310191493939612,20.073592705751086
BHS,Bahamas,North America,13943,2010,373272,26.77128308111597,14.847975779504875
BIH,Bosnia and Herzegovina,Europe,51209,1970,3815561,74.50957839442286,
BIH,Bosnia and Herzegovina,Europe,51209,1980,4199820,82.01331797145033,10.070838862227593
BIH,Bosnia and Herzegovina,Europe,51209,1990,4494310,87.76406491046495,7.011967179545797
BIH,Bosnia and Herzegovina,Europe,51209,2000,4179350,81.61358354976664,-7.00797230275615
BIH,Bosnia and Herzegovina,Europe,51209,2010,3811088,74.42223046730066,-8.81146589780708
BLM,Saint Barthelemy,North America,21,1970,2417,115.0952380952381,
BLM,Saint Barthelemy,North America,21,1980,2983,142.04761904761904,23.41745966073645
BLM,Saint Barthelemy,North America,21,1990,5168,246.0952380952381,73.2484076433121
BLM,Saint Barthelemy,North America,21,2000,7082,337.23809523809524,37.035603715170275
BLM,Saint Barthelemy,North America,21,2010,8988,428.0,26.91330132730867
BLR,Belarus,Europe,207600,1970,9170786,44.17526974951831,
BLR,Belarus,Europe,207600,1980,9817257,47.28929190751445,7.049243107406489
BLR,Belarus,Europe,207600,1990,10428525,50.23374277456647,6.226464276121124
BLR,Belarus,Europe,207600,2000,10256483,49.40502408477842,-1.6497251528859502
BLR,Belarus,Europe,207600,2010,9731427,46.87585260115607,-5.119259691650635
BLZ,Belize,North America,22966,1970,120905,5.264521466515719,
BLZ,Belize,North America,22966,1980,145133,6.319472263345816,20.038873495719777
BLZ,Belize,North America,22966,1990,182589,7.950404946442568,25.808051924786234
BLZ,Belize,North America,22966,2000,240406,10.46790908299225,31.66510578402861
BLZ,Belize,North America,22966,2010,322106,14.02534180963163,33.98417676763474
BMU,Bermuda,North America,54,1970,52019,963.3148148148148,
BMU,Bermuda,North America,54,1980,53565,991.9444444444445,2.9719910032872665
BMU,Bermuda,North America,54,1990,57470,1064.2592592592594,7.290208158312339
BMU,Bermuda,North America,54,2000,61371,1136.5,6.787889333565333
BMU,Bermuda,North America,54,2010,63447,1174.9444444444443,3.3827051864887325
BOL,Bolivia,South America,1098581,1970,4585693,4.174196531707721,
BOL,Bolivia,South America,1098581,1980,5736088,5.221361010248676,25.086611772746224
BOL,Bolivia,South America,1098581,1990,7096194,6.459418103899485,23.711386575659233
BOL,Bolivia,South America,1098581,2000,8592656,7.8215953124985775,21.08823405898994
BOL,Bolivia,South America,1098581,2010,10223270,9.30588641165285,18.976833239920232
BRA,Brazil,South America,8515767,1970,96369875,11.316640650219762,
BRA,Brazil,South America,8515767,1980,122288383,14.360231204071225,26.8948237195493
BRA,Brazil,South America,8515767,1990,150706446,17.697342588166162,23.238563061218986
BRA,Brazil,South America,8515767,2000,175873720,20.652716308466402,16.699533873952554
BRA,Brazil,South America,8515767,2010,196353492,23.057640257184115,11.644589083576552
BRB,Barbados,North America,430,1970,241397,561.3883720930232,
BRB,Barbados,North America,430,1980,253575,589.7093023255813,5.044801716674185
BRB,Barbados,North America,430,1990,258868,602.0186046511628,2.087350882381944
BRB,Barbados,North America,430,2000,264657,615.4813953488372,2.236274858228904
BRB,Barbados,North America,430,2010,274711,638.8627906976744,3.7988793041559443
BRN,Brunei,Asia,5765,1970,133343,23.129748482220293,
BRN,Brunei,Asia,5765,1980,187921,32.5968777103209,40.93053253639112
BRN,Brunei,Asia,5765,1990,261928,45.43417172593235,39.381974340281275
BRN,Brunei,Asia,5765,2000,333926,57.922983521248916,27.487706545310164
BRN,Brunei,Asia,5765,2010,396053,68.69956634865568,18.60502027395292
BTN,Bhutan,Asia,38394,1970,298894,7.78491430952753,
BTN,Bhutan,Asia,38394,1980,415257,10.815674324113143,38.93119299818666
BTN,Bhutan,Asia,38394,1990,558442,14.545033078085117,34.48105630970699
BTN,Bhutan,Asia,38394,2000,587207,15.294238683127572,5.150937787630583
BTN,Bhutan,Asia,38394,2010,705516,18.375683700578215,20.14775028226843
BWA,Botswana,Africa,582000,1970,592244,1.0176013745704466,
BWA,Botswana,Africa,582000,1980,938578,1.6126769759450172,58.47826233782023
BWA,Botswana,Africa,582000,1990,1341474,2.304938144329897,42.926213910831066
BWA,Botswana,Africa,582000,2000,1726985,2.967328178694158,28.73786595938497
BWA,Botswana,Africa,582000,2010,2091664,3.5939243986254295,21.11651230323368
CAF,Central African Republic,Africa,622984,1970,2067356,3.3184736686656477,
CAF,Central African Republic,Africa,622984,1980,2415276,3.87694708050287,16.829225348706277
CAF,Central African Republic,Africa,622984,1990,2809221,4.509298794190541,16.310558296443144
CAF,Central African Republic,Africa,622984,2000,3759170,6.034135708140177,33.81538867892557
CAF,Central African Republic,Africa,622984,2010,4660067,7.480235447459325,23.965316811955837
CAN,Canada,North America,9984670,1970,21434577,2.146748665704525,
CAN,Canada,North America,9984670,1980,24511510,2.4549143837502894,14.354997535057489
CAN,Canada,North America,9984670,1990,27657204,2.7699667590416106,12.83353820307276
CAN,Canada,North America,9984670,2000,30683313,3.0730422738057444,10.941485625228054
CAN,Canada,North America,9984670,2010,33963412,3.4015557850184335,10.690172211846871
CHE,Switzerland,Europe,41284,1970,6181227,149.72451797306462,
CHE,Switzerland,Europe,41284,1980,6319113,153.06445596356943,2.2307221527376297
CHE,Switzerland,Europe,41284,1990,6711693,162.5737089429319,6.212580784676591
CHE,Switzerland,Europe,41284,2000,7182059,173.96713012305008,7.008157256298819
CHE,Switzerland,Europe,41284,2010,7822435,189.47861156864644,8.916328868921841
CHL,Chile,South America,756102,1970,9820481,12.988301842873051,
CHL,Chile,South America,756102,1980,11469828,15.16968345540681,16.794971651592228
CHL,Chile,South America,756102,1990,13342868,17.64691536327109,16.33014897869436
CHL,Chile,South America,756102,2000,15351799,20.303873022422902,15.056215800081363
CHL,Chile,South America,756102,2010,17004162,22.48924351476388,10.763318357672613
CHN,China,Asia,9706961,1970,822534450,84.73655658037568,
CHN,China,Asia,9706961,1980,982372466,101.20288584655898,19.43237951918002
CHN,China,Asia,9706961,1990,1153704252,118.85329012859947,17.440613609380208
CHN,China,Asia,9706961,2000,1264099069,130.22603768573913,9.568727584094926
CHN,China,Asia,9706961,2010,1348191368,138.8891299759008,6.65235036258065
CIV,Ivory Coast,Africa,322463,1970,5477086,16.985161088248883,
CIV,Ivory Coast,Africa,322463,1980,8303809,25.75119936240747,51.60998019749918
CIV,Ivory Coast,Africa,322463,1990,11910540,36.93614461193997,43.43465751680946
CIV,Ivory Coast,Africa,322463,2000,16799670,52.097977132260134,41.04876856968702
CIV,Ivory Coast,Africa,322463,2010,21120042,65.49601659725302,25.717005155458406
CMR,Cameroon,Africa,475442,1970,6452787,13.57218546110777,
CMR,Cameroon,Africa,475442,1980,8519891,17.919937658010863,32.03428224114635
CMR,Cameroon,Africa,475442,1990,11430520,24.041881028600756,34.162749265219475
CMR,Cameroon,Africa,475442,2000,15091594,31.742239852600317,32.028936566315444
CMR,Cameroon,Africa,475442,2010,19878036,41.80959191657447,31.715947301524274
COD,DR Congo,Africa,2344858,1970,20151733,8.594009957106145,
COD,DR Congo,Africa,2344858,1980,26708686,11.390321290244442,32.53791125557291
COD,DR Congo,Africa,2344858,1990,35987541,15.347428714233441,34.7409640444311
COD,DR Congo,Africa,2344858,2000,48616317,20.733160387537325,35.092078116701565
COD,DR Congo,Africa,2344858,2010,66391257,28.313551183056713,36.56167537331139
COG,Republic of the Congo,Africa,342000,1970,1396989,4.084763157894737,
COG,Republic of the Congo,Africa,342000,1980,1829256,5.3487017543859645,30.942763328845114
COG,Republic of the Congo,Africa,342000,1990,2385435,6.974956140350877,30.404656319290456
COG,Republic of the Congo,Africa,342000,2000,3134030,9.163830409356725,31.381907283157993
COG,Republic of the Congo,Africa,342000,2010,4437884,12.976269005847954,41.60311164858026
COK,Cook Islands,Oceania,236,1970,20470,86.73728813559322,
COK,Cook Islands,Oceania,236,1980,17651,74.79237288135593,-13.771372740596
COK,Cook Islands,Oceania,236,1990,17123,72.55508474576271,-2.991331935867658
COK,Cook Islands,Oceania,236,2000,15897,67.36016949152543,-7.159960287332822
COK,Cook Islands,Oceania,236,2010,17212,72.9322033898305,8.2720010064792
COL,Colombia,South America,1141748,1970,20905254,18.30986697590011,
COL,Colombia,South America,1141748,1980,26176195,22.926420716305174,25.21347504316378
COL,Colombia,South America,1141748,1990,32601393,28.553930464515812,24.54595864677811
COL,Colombia,South America,1141748,2000,39215135,34.34657647747139,20.28668529593198
COL,Colombia,South America,1141748,2010,44816108,39.25218874918108,14.282681928801221
COM,Comoros,Africa,1862,1970,242351,130.156283566058,
COM,Comoros,Africa,1862,1980,328328,176.33082706766916,35.47623075621722
COM,Comoros,Africa,1862,1990,431119,231.53544575725027,31.30741210009502
COM,Comoros,Africa,1862,2000,536758,288.26960257787323,24.503443364825017
COM,Comoros,Africa,1862,2010,656024,352.3222341568206,22.21969677210214
CPV,Cape Verde,Africa,4033,1970,287262,71.22787007190676,
CPV,Cape Verde,Africa,4033,1980,317234,78.65955864121001,10.433680751369835
CPV,Cape Verde,Africa,4033,1990,364563,90.39499132159682,14.919270948259022
CPV,Cape Verde,Africa,4033,2000,458251,113.62534093726754,25.69871325395061
CPV,Cape Verde,Africa,4033,2010,521212,129.23679642945697,13.73941355283459
CRI,Costa Rica,North America,51100,1970,1855697,36.315009784735814,
CRI,Costa Rica,North America,51100,1980,2414303,47.24663405088063,30.102220351706134
CRI,Costa Rica,North America,51100,1990,3158253,61.80534246575343,30.81427641849428
CRI,Costa Rica,North America,51100,2000,3979193,77.87070450097848,25.993484372531263
CRI,Costa Rica,North America,51100,2010,4622252,90.45502935420744,16.160538078952193
CUB,Cuba,North America,109884,1970,8869636,80.7181755305595,
CUB,Cuba,North America,109884,1980,9809107,89.26783699173674,10.591990471762314
CUB,Cuba,North America,109884,1990,10626680,96.70816497397256,8.334836188452211
CUB,Cuba,North America,109884,2000,11105791,101.06831749845291,4.508567115976025
CUB,Cuba,North America,109884,2010,11290417,102.74850751701794,1.6624299881025983
CUW,Curacao,North America,444,1970,150385,338.7049549549549,
CUW,Curacao,North America,444,1980,156851,353.26801801801804,4.299630947235422
CUW,Curacao,North America,444,1990,155446,350.10360360360363,-0.8957545696233971
CUW,Curacao,North America,444,2000,141424,318.52252252252254,-9.02049586351531
CUW,Curacao,North America,444,2010,159380,358.963963963964,12.696572010408413
CYM,Cayman Islands,North America,264,1970,10533,39.89772727272727,
CYM,Cayman Islands,North America,264,1980,17100,64.77272727272727,62.346909712332675
CYM,Cayman Islands,North America,264,1990,26027,98.58712121212122,52.2046783625731
CYM,Cayman Islands,North America,264,2000,39658,150.21969696969697,52.37253621239481
CYM,Cayman Islands,North America,264,2010,54074,204.82575757575756,36.350799334308334
CYP,Cyprus,Europe,9251,1970,640804,69.26861960869095,
CYP,Cyprus,Europe,9251,1980,679327,73.43281807372176,6.0116665938414915
CYP,Cyprus,Europe,9251,1990,788500,85.23402875364826,16.070758265165374
CYP,Cyprus,Europe,9251,2000,948237,102.50102691600908,20.258338617628404
CYP,Cyprus,Europe,9251,2010,1129686,122.11501459301697,19.13540602191224
CZE,Czech Republic,Europe,78865,1970,9795744,124.20901540607368,
CZE,Czech Republic,Europe,78865,1980,10270060,130.22329296899764,4.842062022037319
CZE,Czech Republic,Europe,78865,1990,10301192,130.61804349204337,0.303133574682124
CZE,Czech Republic,Europe,78865,2000,10234710,129.7750586445191,-0.6453816218550235
CZE,Czech Republic,Europe,78865,2010,10464749,132.6919292461802,2.2476357415109893
DEU,Germany,Europe,357114,1970,78294583,219.2425471978136,
DEU,Germany,Europe,357114,1980,77786703,217.8203682857575,-0.6486783383213068
DEU,Germany,Europe,357114,1990,79370196,222.25450696416272,2.035685970647183
DEU,Germany,Europe,357114,2000,81551677,228.36314734230527,2.748488866022214
DEU,Germany,Europe,357114,2010,81325090,227.72865247512,-0.2778446849106442
DJI,Djibouti,Africa,23200,1970,144379,6.223232758620689,
DJI,Djibouti,Africa,23200,1980,324121,13.97073275862069,124.49317421508668
DJI,Djibouti,Africa,23200,1990,577173,24.87814655172414,78.07331212726112
DJI,Djibouti,Africa,23200,2000,742033,31.98418103448276,28.56335968591739
DJI,Djibouti,Africa,23200,2010,919199,39.620646551724136,23.875757547171084
DMA,Dominica,North America,751,1970,68895,91.73768308921439,
DMA,Dominica,North America,751,1980,72978,97.17443408788283,5.926409753973427
DMA,Dominica,North America,751,1990,69481,92.51797603195739,-4.791855079613039
DMA,Dominica,North America,751,2000,68346,91.00665778961385,-1.6335401044889952
DMA,Dominica,North America,751,2010,68755,91.55126498002663,0.5984256576829772
DNK,Denmark,Europe,43094,1970,4922963,114.2377825219288,
DNK,Denmark,Europe,43094,1980,5125392,118.93516498816541,4.111934215227708
DNK,Denmark,Europe,43094,1990,5144623,119.38142200770409,0.37521032537608523
DNK,Denmark,Europe,43094,2000,5340655,123.93036153524852,3.8104249815778424
DNK,Denmark,Europe,43094,2010,5550849,128.80793149858448,3.9357344745166944
DOM,Dominican Republic,North America,48671,1970,4475871,91.96176367857656,
DOM,Dominican Republic,North America,48671,1980,5755800,118.25933307308253,28.59619948832306
DOM,Dominican Republic,North America,48671,1990,7129004,146.47334141480553,23.85774349351959
DOM,Dominican Republic,North America,48671,2000,8540791,175.48008054077377,19.803425555659658
DOM,Dominican Republic,North America,48671,2010,9775755,200.8537938402745,14.459597477563847
DZA,Algeria,Africa,2381741,1970,13795915,5.792365752615419,
DZA,Algeria,Africa,2381741,1980,18739378,7.867932743316759,35.832802681083486
DZA,Algeria,Africa,2381741,1990,25518074,10.71404237488459,36.17353788370137
DZA,Algeria,Africa,2381741,2000,30774621,12.921061106140424,20.59930933659022
DZA,Algeria,Africa,2381741,2010,35856344,15.05467806952981,16.512707012703753
ECU,Ecuador,South America,276841,1970,6172215,22.295162205020212,
ECU,Ecuador,South America,276841,1980,8135845,29.388150599080337,31.81402462487131
ECU,Ecuador,South America,276841,1990,10449837,37.74671020549702,28.441938114602717
ECU,Ecuador,South America,276841,2000,12626507,45.609237793534916,20.829702893930314
ECU,Ecuador,South America,276841,2010,14989585,54.14510495193992,18.71521553823239
EGY,Egypt,Africa,1002450,1970,34781986,34.69697840291286,
EGY,Egypt,Africa,1002450,1980,43748556,43.641633996708066,25.779350264818124
EGY,Egypt,Africa,1002450,1990,57214630,57.07479674796748,30.780613650425394
EGY,Egypt,Africa,1002450,2000,71371371,71.19693850067335,24.74321864879665
EGY,Egypt,Africa,1002450,2010,87252413,87.03916704075016,22.251277756735256
ERI,Eritrea,Africa,117600,1970,1272748,10.822687074829933,
ERI,Eritrea,Africa,117600,1980,1657982,14.098486394557822,30.267892780031858
ERI,Eritrea,Africa,117600,1990,2149960,18.281972789115645,29.67330164018669
ERI,Eritrea,Africa,117600,2000,2392880,20.347619047619048,11.298814861671836
ERI,Eritrea,Africa,117600,2010,3147727,26.76638605442177,31.545543445555158
ESH,Western Sahara,Africa,266000,1970,76371,0.287109022556391,
ESH,Western Sahara,Africa,266000,1980,116775,0.43900375939849623,52.90489845622028
ESH,Western Sahara,Africa,266000,1990,178529,0.6711616541353383,52.8828944551488
ESH,Western Sahara,Africa,266000,2000,270375,1.0164473684210527,51.44598356569521
ESH,Western Sahara,Africa,266000,2010,413296,1.5537443609022557,52.86028663892741
ESP,Spain,Europe,505992,1970,33792617,66.7848839507344,
ESP,Spain,Europe,505992,1980,37491666,74.09537304937628,10.946322979365576
ESP,Spain,Europe,505992,1990,38889889,76.85870329965691,3.729423493743922
ESP,Spain,Europe,505992,2000,40741651,80.5183698556499,4.761551260791719
ESP,Spain,Europe,505992,2010,46572772,92.04250660089488,14.312431766694967
EST,Estonia,Europe,45227,1970,1361999,30.114732350144823,
EST,Estonia,Europe,45227,1980,1476983,32.657107480045106,8.442296947354588
EST,Estonia,Europe,45227,1990,1570674,34.72867977093329,6.343404087927884
EST,Estonia,Europe,45227,2000,1396877,30.88590885975192,-11.065122361483038
EST,Estonia,Europe,45227,2010,1331535,29.44115240895925,-4.677720371943983
ETH,Ethiopia,Africa,1104300,1970,28308246,25.63456126052703,
ETH,Ethiopia,Africa,1104300,1980,34945469,31.644905369917595,23.446253081169345
ETH,Ethiopia,Africa,1104300,1990,47878073,43.356038214253374,37.00795659660485
ETH,Ethiopia,Africa,1104300,2000,67031867,60.700776057230826,40.00535694074405
ETH,Ethiopia,Africa,1104300,2010,89237791,80.80937335868876,33.127413861231105
FIN,Finland,Europe,338424,1970,4606621,13.611980828782828,
FIN,Finland,Europe,338424,1980,4779418,14.122574049121813,3.751057445359618
FIN,Finland,Europe,338424,1990,4986545,14.734608065621824,4.333728499997269
FIN,Finland,Europe,338424,2000,5176209,15.29504113183462,3.8035152595634836
FIN,Finland,Europe,338424,2010,5363271,15.847785618041273,3.6138803514309314
FJI,Fiji,Oceania,18272,1970,527634,28.876641856392293,
FJI,Fiji,Oceania,18272,1980,644582,35.277035901926446,22.164606526493746
FJI,Fiji,Oceania,18272,1990,780430,42.711799474605954,21.075363568948568
FJI,Fiji,Oceania,18272,2000,832509,45.562007443082315,6.673116102661347
FJI,Fiji,Oceania,18272,2010,905169,49.53858362521891,8.727833572970379
FLK,Falkland Islands,South America,12173,1970,2274,0.18680686765793147,
FLK,Falkland Islands,South America,12173,1980,2240,0.18401380103507764,-1.4951627088830244
FLK,Falkland Islands,South America,12173,1990,2332,0.1915715107204469,4.107142857142865
FLK,Falkland Islands,South America,12173,2000,3080,0.25301897642323173,32.0754716981132
FLK,Falkland Islands,South America,12173,2010,3187,0.26180892138338946,3.474025974025974
FRA,France,Europe,551695,1970,50523586,91.57883613228324,
FRA,France,Europe,551695,1980,53713830,97.36145877704166,6.314365730096827
FRA,France,Europe,551695,1990,56412897,102.25377609004975,5.024901408073124
FRA,France,Europe,551695,2000,58665453,106.3367494720815,3.9929805413113195
FRA,France,Europe,551695,2010,62444567,113.18675536301761,6.441804855747035
FRO,Faroe Islands,Europe,1393,1970,38416,27.57788944723618,
FRO,Faroe Islands,Europe,1393,1980,43054,30.907394113424264,12.073094543940034
FRO,Faroe Islands,Europe,1393,1990,47479,34.083991385498926,10.277790681469789
FRO,Faroe Islands,Europe,1393,2000,45660,32.77817659727207,-3.8311674635101878
FRO,Faroe Islands,Europe,1393,2010,48410,34.75233309404164,6.022777047744188
FSM,Micronesia,Oceania,702,1970,58989,84.02991452991454,
FSM,Micronesia,Oceania,702,1980,76299,108.6880341880342,29.344454050755232
FSM,Micronesia,Oceania,702,1990,98603,140.46011396011397,29.232362154156675
FSM,Micronesia,Oceania,702,2000,111709,159.12962962962962,13.291684837175332
FSM,Micronesia,Oceania,702,2010,107588,153.25925925925927,-3.6890492261142827
GAB,Gabon,Africa,267668,1970,597192,2.231092248606483,
GAB,Gabon,Africa,267668,1980,749078,2.7985340048119314,25.43336146498949
GAB,Gabon,Africa,267668,1990,983028,3.6725645202265493,31.231727537052212
GAB,Gabon,Africa,267668,2000,1272935,4.755648788798063,29.491225071920635
GAB,Gabon,Africa,267668,2010,1711105,6.392639389093953,34.42202469097009
GBR,United Kingdom,Europe,242900,1970,55650166,229.10731165088515,
GBR,United Kingdom,Europe,242900,1980,56326328,231.89101687937423,1.215022431379631
GBR,United Kingdom,Europe,242900,1990,57210442,235.5308439687114,1.5696283272717437
GBR,United Kingdom,Europe,242900,2000,58850043,242.28095100864553,2.86591213541052
GBR,United Kingdom,Europe,242900,2010,62760039,258.3780938657884,6.643998543892304
GEO,Georgia,Asia,69700,1970,4800426,68.87268292682927,
GEO,Georgia,Asia,69700,1980,5145843,73.82845050215208,7.195548895035575
GEO,Georgia,Asia,69700,1990,5391636,77.35489239598279,4.776535156630324
GEO,Georgia,Asia,69700,2000,4265172,61.19328550932568,-20.89280507808762
GEO,Georgia,Asia,69700,2010,3836831,55.047790530846484,-10.04276029196478
GGY,Guernsey,Europe,78,1970,52656,675.0769230769231,
GGY,Guernsey,Europe,78,1980,52860,677.6923076923077,0.3874202370100166
GGY,Guernsey,Europe,78,1990,57727,740.0897435897435,9.207340143776023
GGY,Guernsey,Europe,78,2000,59114,757.8717948717949,2.4026885166386514
GGY,Guernsey,Europe,78,2010,60782,779.2564102564103,2.8216666102784504
GHA,Ghana,Africa,238533,1970,8861895,37.15165197268303,
GHA,Ghana,Africa,238533,1980,11865246,49.74257649884922,33.890618202991575
GHA,Ghana,Africa,238533,1990,15446982,64.75825986341512,30.186782473789407
GHA,Ghana,Africa,238533,2000,19665502,82.44352772991577,27.30967123545558
GHA,Ghana,Africa,238533,2010,25574719,107.21669119157517,30.048645592672884
GIB,Gibraltar,Europe,6,1970,26685,4447.5,
GIB,Gibraltar,Europe,6,1980,28734,4789.0,7.678471051152336
GIB,Gibraltar,Europe,6,1990,27317,4552.833333333333,-4.931440105798012
GIB,Gibraltar,Europe,6,2000,27741,4623.5,1.5521470146794947
GIB,Gibraltar,Europe,6,2010,31262,5210.333333333333,12.692404743880893
GIN,Guinea,Africa,245857,1970,4222374,17.174105272577147,
GIN,Guinea,Africa,245857,1980,4972609,20.225614889956358,17.768084968314035
GIN,Guinea,Africa,245857,1990,6354145,25.844881374132118,27.782920394505183
GIN,Guinea,Africa,245857,2000,8336967,33.90982156294106,31.205173945511167
GIN,Guinea,Africa,245857,2010,10270728,41.775210793266005,23.19501804433195
GLP,Guadeloupe,North America,1628,1970,318310,195.52211302211302,
GLP,Guadeloupe,North America,1628,1980,334234,205.3034398034398,5.002670352800731
GLP,Guadeloupe,North America,1628,1990,391951,240.7561425061425,17.268440673300734
GLP,Guadeloupe,North America,1628,2000,424067,260.48341523341526,8.193881378029388
GLP,Guadeloupe,North America,1628,2010,403072,247.58722358722358,-4.9508686127427985
GMB,Gambia,Africa,10689,1970,528731,49.464963981663395,
GMB,Gambia,Africa,10689,1980,718586,67.22668163532603,35.907673278094144
GMB,Gambia,Africa,10689,1990,1040616,97.35391523996633,44.814399389912964
GMB,Gambia,Africa,10689,2000,1437539,134.48769763308073,38.14308063685357
GMB,Gambia,Africa,10689,2010,1937275,181.24005987463747,34.7633003348083
GNB,Guinea-Bissau,Africa,36125,1970,591663,16.378214532871972,
GNB,Guinea-Bissau,Africa,36125,1980,831462,23.016249134948097,40.529659620425804
GNB,Guinea-Bissau,Africa,36125,1990,973551,26.949508650519032,17.089055182317402
GNB,Guinea-Bissau,Africa,36125,2000,1230849,34.071944636678204,26.42881574771121
GNB,Guinea-Bissau,Africa,36125,2010,1567220,43.38325259515571,27.328372529855404
GNQ,Equatorial Guinea,Africa,28051,1970,316955,11.299240668781861,
GNQ,Equatorial Guinea,Africa,28051,1980,282509,10.071263056575523,-10.867788802826894
GNQ,Equatorial Guinea,Africa,28051,1990,465549,16.59652062315069,64.7908562205098
GNQ,Equatorial Guinea,Africa,28051,2000,684977,24.418986845388755,47.1331696556109
GNQ,Equatorial Guinea,Africa,28051,2010,1094524,39.01907240383587,59.78989075545602
GRC,Greece,Europe,131990,1970,8544873,64.73879081748618,
GRC,Greece,Europe,131990,1980,9307148,70.51403894234411,8.92084645377409
GRC,Greece,Europe,131990,1990,10302255,78.05329949238579,10.691857484161638
GRC,Greece,Europe,131990,2000,11038109,83.6283733616183,7.14264983734143
GRC,Greece,Europe,131990,2010,11033783,83.5955981513751,-0.039191495572299395
GRD,Grenada,North America,344,1970,98794,287.1918604651163,
GRD,Grenada,North America,344,1980,94838,275.6918604651163,-4.004291758608824
GRD,Grenada,North America,344,1990,99047,287.92732558139534,4.438094434720252
GRD,Grenada,North America,344,2000,107432,312.30232558139534,8.465677910486935
GRD,Grenada,North America,344,2010,114039,331.5087209302326,6.14993670414774
GRL,Greenland,North America,2166086,1970,45434,0.020975159804366032,
GRL,Greenland,North America,2166086,1980,50106,0.023132045542051425,10.283047937667833
GRL,Greenland,North America,2166086,1990,55599,0.025667955935267574,10.962758951023833
GRL,Greenland,North America,2166086,2000,56184,0.025938028314665254,1.052177197431603
GRL,Greenland,North America,2166086,2010,56351,0.02601512589989502,0.2972376477288874
GTM,Guatemala,North America,108889,1970,5453208,50.080430530172926,
GTM,Guatemala,North America,108889,1980,6987767,64.17330492519906,28.140481712782652
GTM,Guatemala,North America,108889,1990,9084780,83.4315679269715,30.009772792939437
GTM,Guatemala,North America,108889,2000,11735894,107.77850838927715,29.18192845616514
GTM,Guatemala,North America,108889,2010,14543121,133.55913820496102,23.920009843306357
GUF,French Guiana,South America,83534,1970,46484,0.55646802499581,
GUF,French Guiana,South America,83534,1980,66825,0.7999736634184883,43.75914293090095
GUF,French Guiana,South America,83534,1990,113931,1.3638877582780664,70.49158249158249
GUF,French Guiana,South America,83534,2000,164351,1.9674743218330262,44.25485600933898
GUF,French Guiana,South America,83534,2010,228453,2.734850480044054,39.00310919921388
GUM,Guam,Oceania,549,1970,88300,160.83788706739526,
GUM,Guam,Oceania,549,1980,110286,200.88524590163934,24.89920724801813
GUM,Guam,Oceania,549,1990,138263,251.84517304189436,25.36768039461037
GUM,Guam,Oceania,549,2000,160188,291.78142076502735,15.85746005800539
GUM,Guam,Oceania,549,2010,164905,300.3734061930783,2.944665018603132
GUY,Guyana,South America,214969,1970,705261,3.2807567602770633,
GUY,Guyana,South America,214969,1980,778176,3.619945201401132,10.33872566326508
GUY,Guyana,South America,214969,1990,747116,3.47545925226428,-3.991384982317625
GUY,Guyana,South America,214969,2000,759051,3.530978885327652,1.5974761616669886
GUY,Guyana,South America,214969,2010,747932,3.4792551484167484,-1.4648554576701667
HKG,Hong Kong,Asia,1104,1970,3955072,3582.4927536231885,
HKG,Hong Kong,Asia,1104,1980,4978544,4509.550724637681,25.87745558108676
HKG,Hong Kong,Asia,1104,1990,5838574,5288.563405797101,17.27472931845133
HKG,Hong Kong,Asia,1104,2000,6731195,6097.096920289855,15.288339241739513
HKG,Hong Kong,Asia,1104,2010,7132438,6460.541666666667,5.960947498921065
HND,Honduras,North America,112492,1970,2782753,24.737341322049566,
HND,Honduras,North America,112492,1980,3777990,33.58452156597802,35.76447496418116
HND,Honduras,North America,112492,1990,5053234,44.920829925683606,33.75456261133565
HND,Honduras,North America,112492,2000,6656725,59.175096895779255,31.731975997945085
HND,Honduras,North America,112492,2010,8450933,75.12474664865057,26.953314129695904
HRV,Croatia,Europe,56594,1970,4492638,79.38364490935435,
HRV,Croatia,Europe,56594,1980,4680144,82.6968229847687,4.17362805549879
HRV,Croatia,Europe,56594,1990,4873707,86.1170265399159,4.135834282022088
HRV,Croatia,Europe,56594,2000,4548434,80.3695444746793,-6.674036826588059
HRV,Croatia,Europe,56594,2010,4368682,77.19337738982931,-3.951953573471656
HTI,Haiti,North America,27750,1970,4680812,168.6779099099099,
HTI,Haiti,North America,27750,1980,5646676,203.48381981981981,20.634539477338553
HTI,Haiti,North America,27750,1990,6925331,249.56147747747747,22.644384058869328
HTI,Haiti,North America,27750,2000,8360225,301.2693693693694,20.719500627479025
HTI,Haiti,North America,27750,2010,9842880,354.6983783783784,17.73463034786744
HUN,Hungary,Europe,93028,1970,10315366,110.88452938900116,
HUN,Hungary,Europe,93028,1980,10698679,115.00493399836608,3.7159418289181456
HUN,Hungary,Europe,93028,1990,10375989,111.53619340413638,-3.016166762270367
HUN,Hungary,Europe,93028,2000,10202055,109.66649825858882,-1.6763124941632124
HUN,Hungary,Europe,93028,2010,9986825,107.35289375241862,-2.109673002154955
IDN,Indonesia,Asia,1904569,1970,115228394,60.50103409222769,
IDN,Indonesia,Asia,1904569,1980,148177096,77.80085468155788,28.594256030332254
IDN,Indonesia,Asia,1904569,1990,182159874,95.64362015763146,22.933893912997185
IDN,Indonesia,Asia,1904569,2000,214072421,112.39940427466792,17.518977313302276
IDN,Indonesia,Asia,1904569,2010,244016173,128.12146632650223,13.987673825578861
IMN,Isle of Man,Europe,572,1970,55298,96.67482517482517,
IMN,Isle of Man,Europe,572,1980,64022,111.92657342657343,15.776339108105187
IMN,Isle of Man,Europe,572,1990,68865,120.39335664335664,7.564587173159221
IMN,Isle of Man,Europe,572,2000,75562,132.1013986013986,9.724823930879257
IMN,Isle of Man,Europe,572,2010,83828,146.55244755244755,10.939361054498287
IND,India,Asia,3287590,1970,557501301,169.57750236495426,
IND,India,Asia,3287590,1980,696828385,211.95720421342077,24.991346881179744
IND,India,Asia,3287590,1990,870452165,264.7690755234077,24.916289826511594
IND,India,Asia,3287590,2000,1059633675,322.31320663464726,21.73370549316744
IND,India,Asia,3287590,2010,1240613620,377.3626334184007,17.079482208792584
IRL,Ireland,Europe,70273,1970,2937637,41.803210336829224,
IRL,Ireland,Europe,70273,1980,3391387,48.26017104720163,15.446088131379065
IRL,Ireland,Europe,70273,1990,3485374,49.59762639989754,2.7713439958341635
IRL,Ireland,Europe,70273,2000,3768950,53.63297425753846,8.136171326233566
IRL,Ireland,Europe,70273,2010,4524585,64.38582385838089,20.048952626062967
IRN,Iran,Asia,1648195,1970,28449705,17.26112808253878,
IRN,Iran,Asia,1648195,1980,38520664,23.371423890983774,35.39916846237949
IRN,Iran,Asia,1648195,1990,55793629,33.851351933478746,44.840776887958114
IRN,Iran,Asia,1648195,2000,65544383,39.76737157921241,17.476464920394406
IRN,Iran,Asia,1648195,2010,75373855,45.73115135041667,14.99666569445013
IRQ,Iraq,Asia,438317,1970,9811347,22.384135226331626,
IRQ,Iraq,Asia,438317,1980,13653369,31.149531047164494,39.158965634382305
IRQ,Iraq,Asia,438317,1990,17658381,40.2867810283425,29.333507356316236
IRQ,Iraq,Asia,438317,2000,24628858,56.18960250229856,39.47404351508783
IRQ,Iraq,Asia,438317,2010,31264875,71.32936892705507,26.944071056806607
ISL,Iceland,Europe,103000,1970,204468,1.985126213592233,
ISL,Iceland,Europe,103000,1980,228263,2.216145631067961,11.637517851204105
ISL,Iceland,Europe,103000,1990,255019,2.4759126213592233,11.721566789186166
ISL,Iceland,Europe,103000,2000,281462,2.732640776699029,10.369031327077582
ISL,Iceland,Europe,103000,2010,318333,3.090611650485437,13.099814539795783
ISR,Israel,Asia,20770,1970,2907307,139.97626384207993,
ISR,Israel,Asia,20770,1980,3744608,180.28926336061627,28.799882502948606
ISR,Israel,Asia,20770,1990,4803254,231.25922002888782,28.271210230817225
ISR,Israel,Asia,20770,2000,6116958,294.50929224843526,27.350292114470733
ISR,Israel,Asia,20770,2010,7328445,352.8379874819451,19.805383656386066
ITA,Italy,Europe,301336,1970,53324036,176.9587304537128,
ITA,Italy,Europe,301336,1980,56329482,186.93246741179283,5.636193779480614
ITA,Italy,Europe,301336,1990,56756561,188.34975243581914,0.7581802367719215
ITA,Italy,Europe,301336,2000,56966397,189.04610468048955,0.36971232277445143
ITA,Italy,Europe,301336,2010,59822450,198.52407279581595,5.01357493260457
JAM,Jamaica,North America,10991,1970,1859091,169.1466654535529,
JAM,Jamaica,North America,10991,1980,2135546,194.2995177872805,14.870439370638655
JAM,Jamaica,North America,10991,1990,2392030,217.63533800382132,12.010230638909203
JAM,Jamaica,North America,10991,2000,2612205,237.66763715767445,9.204525026860022
JAM,Jamaica,North America,10991,2010,2733896,248.73951414793922,4.658554745894761
JEY,Jersey,Europe,116,1970,68347,589.198275862069,
JEY,Jersey,Europe,116,1980,75124,647.6206896551724,9.91557786003774
JEY,Jersey,Europe,116,1990,82874,714.4310344827586,10.316277088546943
JEY,Jersey,Europe,116,2000,86192,743.0344827586207,4.0036682192243545
JEY,Jersey,Europe,116,2010,96151,828.8879310344828,11.554436606645634
JOR,Jordan,Asia,89342,1970,1557374,17.431599919410804,
JOR,Jordan,Asia,89342,1980,2216903,24.813671061762665,42.34878712499375
JOR,Jordan,Asia,89342,1990,3480587,38.958015267175576,57.00222337197434
JOR,Jordan,Asia,89342,2000,5056174,56.593472275077794,45.26785280758676
JOR,Jordan,Asia,89342,2010,6931258,77.58118242260079,37.08503702602006
JPN,Japan,Asia,377930,1970,105416839,278.932180562538,
JPN,Japan,Asia,377930,1980,117624196,311.23275738893443,11.580082571058693
JPN,Japan,Asia,377930,1990,123686321,327.27309554679437,5.153807810086963
JPN,Japan,Asia,377930,2000,126803861,335.522083454608,2.52052124664619
JPN,Japan,Asia,377930,2010,128105431,338.96602810044186,1.026443508687791
KAZ,Kazakhstan,Asia,2724900,1970,12265305,4.501194539249147,
KAZ,Kazakhstan,Asia,2724900,1980,14172710,5.201185364600536,15.551223552940584
KAZ,Kazakhstan,Asia,2724900,1990,16866563,6.189791551983559,19.0073246401006
KAZ,Kazakhstan,Asia,2724900,2000,15236253,5.591490696906308,-9.665928974385595
KAZ,Kazakhstan,Asia,2724900,2010,16627837,6.102182465411575,9.133374196398547
KEN,Kenya,Africa,580367,1970,11473087,19.768675682800712,
KEN,Kenya,Africa,580367,1980,16187124,27.891186094316183,41.0877822158936
KEN,Kenya,Africa,580367,1990,23162269,39.90969334920835,43.09069974382107
KEN,Kenya,Africa,580367,2000,30851606,53.15878745690227,33.19768456190539
KEN,Kenya,Africa,580367,2010,41517895,71.5373117355053,34.572880906102576
KGZ,Kyrgyzstan,Asia,199951,1970,3016384,15.085615975914099,
KGZ,Kyrgyzstan,Asia,199951,1980,3691209,18.460567839120586,22.371985794912064
KGZ,Kyrgyzstan,Asia,199951,1990,4394734,21.97905486844277,19.05947346790713
KGZ,Kyrgyzstan,Asia,199951,2000,4935182,24.681957079484473,12.297627114633114
KGZ,Kyrgyzstan,Asia,199951,2010,5483774,27.425589269370995,11.11594263392921
KHM,Cambodia,Asia,181035,1970,6708525,37.05650840997597,
KHM,Cambodia,Asia,181035,1980,6198959,34.24177092827354,-7.5957978840356155
KHM,Cambodia,Asia,181035,1990,8910808,49.22146546247963,43.74684523643406
KHM,Cambodia,Asia,181035,2000,12118841,66.94197807053885,36.00159491709394
KHM,Cambodia,Asia,181035,2010,14363532,79.34118816803381,18.522324040723028
KIR,Kiribati,Oceania,811,1970,57437,70.82244143033292,
KIR,Kiribati,Oceania,811,1980,60813,74.98520345252774,5.877744311158306
KIR,Kiribati,Oceania,811,1990,75124,92.63131935881627,23.532797263742957
KIR,Kiribati,Oceania,811,2000,88826,109.5265104808878,18.239177892550984
KIR,Kiribati,Oceania,811,2010,107995,133.1627620221948,21.580393128138155
KNA,Saint Kitts and Nevis,North America,261,1970,44968,172.2911877394636,
KNA,Saint Kitts and Nevis,North America,261,1980,43097,165.12260536398466,-4.160736523750219
KNA,Saint Kitts and Nevis,North America,261,1990,40636,155.6934865900383,-5.710374271991093
KNA,Saint Kitts and Nevis,North America,261,2000,45461,174.18007662835248,11.873708042130126
KNA,Saint Kitts and Nevis,North America,261,2010,47403,181.6206896551724,4.271793405336433
KOR,South Korea,Asia,100210,1970,32601143,325.3282406945415,
KOR,South Korea,Asia,100210,1980,38170501,380.9051092705319,17.08332128109742
KOR,South Korea,Asia,100210,1990,44120039,440.2758107973256,15.58674328115317
KOR,South Korea,Asia,100210,2000,46788591,466.9054086418521,6.048389939093202
KOR,South Korea,Asia,100210,2010,48813042,487.10749426204967,4.326804797348993
KWT,Kuwait,Asia,17818,1970,802786,45.054776069143564,
KWT,Kuwait,Asia,17818,1980,1493870,83.84049837243238,86.08570652701965
KWT,Kuwait,Asia,17818,1990,1674938,94.00258165899652,12.120733397149674
KWT,Kuwait,Asia,17818,2000,1934901,108.59249073970143,15.520753604013994
KWT,Kuwait,Asia,17818,2010,2943356,165.19003255135257,52.11920403162746
LAO,Laos,Asia,236800,1970,2675283,11.297647804054055,
LAO,Laos,Asia,236800,1980,3297519,13.925333614864865,23.25869823865363
LAO,Laos,Asia,236800,1990,4314443,18.219776182432433,30.83906415702229
LAO,Laos,Asia,236800,2000,5430853,22.93434543918919,25.876109616003728
LAO,Laos,Asia,236800,2010,6323418,26.703623310810812,16.435079351254767
LBN,Lebanon,Asia,10452,1970,2381791,227.87897053195562,
LBN,Lebanon,Asia,10452,1980,2963702,283.5535782625335,24.431656681883517
LBN,Lebanon,Asia,10452,1990,3593700,343.8289322617681,21.257130440239933
LBN,Lebanon,Asia,10452,2000,4320642,413.37944890929964,20.228232740629437
LBN,Lebanon,Asia,10452,2010,4995800,477.9755070799847,15.626335160376637
LBR,Liberia,Africa,111369,1970,1463563,13.141565426644757,
LBR,Liberia,Africa,111369,1980,1932169,17.349253382898294,32.018163891817444
LBR,Liberia,Africa,111369,1990,2209731,19.84152681625946,14.365306554447365
LBR,Liberia,Africa,111369,2000,2895224,25.996677711032692,31.021558732714528
LBR,Liberia,Africa,111369,2010,4019956,36.095825588808374,38.847840443433746
LBY,Libya,Africa,1759540,1970,1909177,1.0850432499403253,
LBY,Libya,Africa,1759540,1980,2962720,1.6838037214271913,55.18309721937777
LBY,Libya,Africa,1759540,1990,4236983,2.408006069768235,43.00990306205108
LBY,Libya,Africa,1759540,2000,5154790,2.929623651636223,21.661805109909583
LBY,Libya,Africa,1759540,2010,6491988,3.6895938711254077,25.940882169787717
LCA,Saint Lucia,North America,616,1970,103090,167.3538961038961,
LCA,Saint Lucia,North America,616,1980,121633,197.45616883116884,17.98719565428266
LCA,Saint Lucia,North America,616,1990,142301,231.00811688311688,16.99209918360971
LCA,Saint Lucia,North America,616,2000,159500,258.92857142857144,12.086352168993898
LCA,Saint Lucia,North America,616,2010,170935,277.4918831168831,7.169278996865214
LIE,Liechtenstein,Europe,160,1970,21089,131.80625,
LIE,Liechtenstein,Europe,160,1980,25003,156.26875,18.559438569870544
LIE,Liechtenstein,Europe,160,1990,28765,179.78125,15.046194456665196
LIE,Liechtenstein,Europe,160,2000,33026,206.4125,14.813140969928739
LIE,Liechtenstein,Europe,160,2010,35926,224.5375,8.780960455398779
LKA,Sri Lanka,Asia,65610,1970,12388769,188.82440176802317,
LKA,Sri Lanka,Asia,65610,1980,14943645,227.7647462277092,20.622517055568636
LKA,Sri Lanka,Asia,65610,1990,17204094,262.2175582990398,15.126490223770706
LKA,Sri Lanka,Asia,65610,2000,18776371,286.1815424477976,9.13897006142841
LKA,Sri Lanka,Asia,65610,2010,20668557,315.02144490169184,10.07748515408009
LSO,Lesotho,Africa,30355,1970,1023481,33.71704826223028,
LSO,Lesotho,Africa,30355,1980,1407672,46.373645198484596,37.53767778786319
LSO,Lesotho,Africa,30355,1990,1798997,59.26526107725251,27.799444757017255
LSO,Lesotho,Africa,30355,2000,1998630,65.8418711909076,11.096905664656465
LSO,Lesotho,Africa,30355,2010,2022747,66.63636962609125,1.206676573452814
LTU,Lithuania,Europe,65300,1970,3210147,49.15998468606432,
LTU,Lithuania,Europe,65300,1980,3521206,53.92352220520674,9.68986778487091
LTU,Lithuania,Europe,65300,1990,3785847,57.976217457886676,7.5156352681439165
LTU,Lithuania,Europe,65300,2000,3599637,55.124609494640126,-4.9185822881907315
LTU,Lithuania,Europe,65300,2010,3139019,48.07073506891271,-12.796234731446532
LUX,Luxembourg,Europe,2586,1970,339342,131.22273781902553,
LUX,Luxembourg,Europe,2586,1980,363741,140.65777262180976,7.190091412203614
LUX,Luxembourg,Europe,2586,1990,381267,147.43503480278423,4.8182635446650135
LUX,Luxembourg,Europe,2586,2000,435628,168.45630317092034,14.25798718483373
LUX,Luxembourg,Europe,2586,2010,507070,196.08275328692963,16.399772282773384
LVA,Latvia,Europe,64559,1970,2397414,37.13524063259964,
LVA,Latvia,Europe,64559,1980,2572037,39.84009975371366,7.283806634982537
LVA,Latvia,Europe,64559,1990,2689391,41.65787883951114,4.5626870842060185
LVA,Latvia,Europe,64559,2000,2392530,37.05958890317384,-11.038223895298227
LVA,Latvia,Europe,64559,2010,2101530,32.55208414008891,-12.16285689207659
MAC,Macau,Asia,30,1970,247284,8242.8,
MAC,Macau,Asia,30,1980,245332,8177.733333333334,-0.7893757784571576
MAC,Macau,Asia,30,1990,350227,11674.233333333334,42.75634650188316
MAC,Macau,Asia,30,2000,431896,14396.533333333333,23.318876043251958
MAC,Macau,Asia,30,2010,557297,18576.566666666666,29.03499916646599
MAF,Saint Martin,North America,53,1970,5802,109.47169811320755,
MAF,Saint Martin,North America,53,1980,7776,146.71698113207546,34.02275077559462
MAF,Saint Martin,North America,53,1990,28127,530.6981132075472,261.71553497942386
MAF,Saint Martin,North America,53,2000,29610,558.6792452830189,5.272513954563229
MAF,Saint Martin,North America,53,2010,36458,687.8867924528302,23.1273218507261
MAR,Morocco,Africa,446550,1970,15274351,34.20524241406338,
MAR,Morocco,Africa,446550,1980,19678444,44.06772813794648,28.833257792753365
MAR,Morocco,Africa,446550,1990,24570814,55.02365692531632,24.86156933952706
MAR,Morocco,Africa,446550,2000,28554415,63.94449669689844,16.212735158061918
MAR,Morocco,Africa,446550,2010,32464865,72.70152278580227,13.694729869268896
MCO,Monaco,Europe,2,1970,24270,12135.0,
MCO,Monaco,Europe,2,1980,27076,13538.0,11.561598681499795
MCO,Monaco,Europe,2,1990,30329,15164.5,12.014330033978426
MCO,Monaco,Europe,2,2000,32465,16232.5,7.042764350951236
MCO,Monaco,Europe,2,2010,33178,16589.0,2.1962113044817544
MDA,Moldova,Europe,33846,1970,3711140,109.64781658098445,
MDA,Moldova,Europe,33846,1980,4103240,121.2326419665544,10.565486615972453
MDA,Moldova,Europe,33846,1990,4480199,132.3701175914436,9.186862089470749
MDA,Moldova,Europe,33846,2000,4251573,125.61522779648999,-5.103032253701234
MDA,Moldova,Europe,33846,2010,3678186,108.67417124623293,-13.48646724400593
MDG,Madagascar,Africa,587041,1970,6639751,11.310540490357573,
MDG,Madagascar,Africa,587041,1980,8948162,15.242822903340652,34.766529648476286
MDG,Madagascar,Africa,587041,1990,11882762,20.24179231092888,32.7955618148174
MDG,Madagascar,Africa,587041,2000,16216431,27.62401774322407,36.47021626790134
MDG,Madagascar,Africa,587041,2010,21731053,37.017947639091645,34.006385252094006
MDV,Maldives,Asia,300,1970,123243,410.81,
MDV,Maldives,Asia,300,1980,164887,549.6233333333333,33.79015441039248
MDV,Maldives,Asia,300,1990,224957,749.8566666666667,36.43101032828544
MDV,Maldives,Asia,300,2000,282507,941.69,25.582666909676078
MDV,Maldives,Asia,300,2010,361575,1205.25,27.987979058925983
MEX,Mexico,North America,1964375,1970,50289306,25.600664842507157,
MEX,Mexico,North America,1964375,1980,67705186,34.46652803054407,34.63137868715069
MEX,Mexico,North America,1964375,1990,81720428,41.6012360165447,20.70039656932632
MEX,Mexico,North America,1964375,2000,97873442,49.82421482659879,19.766188693970133
MEX,Mexico,North America,1964375,2010,112532401,57.28661839007318,14.977463447132067
MHL,Marshall Islands,Oceania,181,1970,23969,132.4254143646409,
MHL,Marshall Islands,Oceania,181,1980,31988,176.7292817679558,33.455713630105556
MHL,Marshall Islands,Oceania,181,1990,46047,254.40331491712706,43.9508565712142
MHL,Marshall Islands,Oceania,181,2000,54224,299.58011049723757,17.757942971311923
MHL,Marshall Islands,Oceania,181,2010,53416,295.1160220994475,-1.4901150781941541
MKD,North Macedonia,Europe,25713,1970,1656783,64.43367168358418,
MKD,North Macedonia,Europe,25713,1980,1907023,74.16571384124762,15.103969560286412
MKD,North Macedonia,Europe,25713,1990,2044174,79.49963053708241,7.191890186956318
MKD,North Macedonia,Europe,25713,2000,2037936,79.25702951814257,-0.30515993256934326
MKD,North Macedonia,Europe,25713,2010,2093828,81.43071598024346,2.7425787659671297
MLI,Mali,Africa,1240192,1970,6153587,4.961801882289194,
MLI,Mali,Africa,1240192,1980,7372581,5.944709367581794,19.809486727009794
MLI,Mali,Africa,1240192,1990,8945026,7.212613853338838,21.32828381268379
MLI,Mali,Africa,1240192,2000,11239101,9.06238792058004,25.646375985938995
MLI,Mali,Africa,1240192,2010,15529181,12.521594237021365,38.17102453301202
MLT,Malta,Europe,316,1970,315414,998.1455696202531,
MLT,Malta,Europe,316,1980,333587,1055.6550632911392,5.761633916059528
MLT,Malta,Europe,316,1990,365392,1156.3037974683543,9.534244439981165
MLT,Malta,Europe,316,2000,399212,1263.3291139240507,9.255812935149098
MLT,Malta,Europe,316,2010,418755,1325.1740506329113,4.895393926034286
MMR,Myanmar,Asia,676578,1970,27284112,40.32663196261185,
MMR,Myanmar,Asia,676578,1980,33465781,49.4633006098336,22.65666186973576
MMR,Myanmar,Asia,676578,1990,40099553,59.268189329242155,19.82255247531799
MMR,Myanmar,Asia,676578,2000,45538332,67.3068471041033,13.563191090933113
MMR,Myanmar,Asia,676578,2010,49390988,73.00117355279066,8.460248390301173
MNE,Montenegro,Europe,13812,1970,530268,38.39183318853171,
MNE,Montenegro,Europe,13812,1980,589324,42.66753547639733,11.137009964772538
MNE,Montenegro,Europe,13812,1990,621442,44.99290472053287,5.4499731896206605
MNE,Montenegro,Europe,13812,2000,633324,45.85317115551694,1.912004660129174
MNE,Montenegro,Europe,13812,2010,631044,45.68809730668983,-0.3600053053413377
MNG,Mongolia,Asia,1564110,1970,1293880,0.8272308213616689,
MNG,Mongolia,Asia,1564110,1980,1697780,1.0854607412522137,31.21618697251678
MNG,Mongolia,Asia,1564110,1990,2161433,1.3818932172289673,27.30936870501479
MNG,Mongolia,Asia,1564110,2000,2450979,1.5670119109269809,13.396020140342069
MNG,Mongolia,Asia,1564110,2010,2702520,1.7278324414523276,10.262878629315054
MOZ,Mozambique,Africa,801590,1970,8411676,10.493738694344989,
MOZ,Mozambique,Africa,801590,1980,11413587,14.23868436482491,35.68743018632672
MOZ,Mozambique,Africa,801590,1990,13303459,16.596338527177235,16.558089932639053
MOZ,Mozambique,Africa,801590,2000,17768505,22.166575181826122,33.56304552071758
MOZ,Mozambique,Africa,801590,2010,23073723,28.784943674447035,29.857424696112588
MRT,Mauritania,Africa,1030700,1970,1122198,1.0887726787620065,
MRT,Mauritania,Africa,1030700,1980,1506694,1.461816241389347,34.26275933480545
MRT,Mauritania,Africa,1030700,1990,2006027,1.9462763170660715,33.14096956648132
MRT,Mauritania,Africa,1030700,2000,2695003,2.6147307654991754,34.34530043713271
MRT,Mauritania,Africa,1030700,2010,3419461,3.3176103618899777,26.881528517779007
MSR,Montserrat,North America,102,1970,11402,111.7843137254902,
MSR,Montserrat,North America,102,1980,11452,112.27450980392157,0.43851955797229447
MSR,Montserrat,North America,102,1990,10805,105.93137254901961,-5.6496681802305275
MSR,Montserrat,North America,102,2000,5138,50.372549019607845,-52.44794076816288
MSR,Montserrat,North America,102,2010,4938,48.411764705882355,-3.892565200467113
MTQ,Martinique,North America,1128,1970,326428,289.38652482269504,
MTQ,Martinique,North America,1128,1980,333786,295.9095744680851,2.254095849620752
MTQ,Martinique,North America,1128,1990,374271,331.8005319148936,12.129028778918238
MTQ,Martinique,North America,1128,2000,432543,383.4601063829787,15.569467043933404
MTQ,Martinique,North America,1128,2010,392181,347.6781914893617,-9.331326596430877
MUS,Mauritius,Africa,2040,1970,830115,406.91911764705884,
MUS,Mauritius,Africa,2040,1980,954865,468.07107843137254,15.02803828385224
MUS,Mauritius,Africa,2040,1990,1090290,534.4558823529412,14.182633147094093
MUS,Mauritius,Africa,2040,2000,1215930,596.0441176470588,11.523539608727962
MUS,Mauritius,Africa,2040,2010,1283330,629.0833333333334,5.543082249800557
MWI,Malawi,Africa,118484,1970,4625141,39.03599642145775,
MWI,Malawi,Africa,118484,1980,6267369,52.89633199419331,35.50654996247682
MWI,Malawi,Africa,118484,1990,9539665,80.51437324870868,52.211637770171194
MWI,Malawi,Africa,118484,2000,11229387,94.77555619324129,17.712592632969827
MWI,Malawi,Africa,118484,2010,14718422,124.22286553458694,31.0705740215383
MYS,Malaysia,Asia,330803,1970,10306508,31.156029419322074,
MYS,Malaysia,Asia,330803,1980,13215707,39.95038436773548,28.22681552277455
MYS,Malaysia,Asia,330803,1990,17517054,52.95312920378594,32.54723337919039
MYS,Malaysia,Asia,330803,2000,22945150,69.36197676562789,30.987493673308308
MYS,Malaysia,Asia,330803,2010,28717731,86.81218429095262,25.158175039169507
MYT,Mayotte,Africa,374,1970,35383,94.60695187165776,
MYT,Mayotte,Africa,374,1980,52233,139.66042780748663,47.62173925331374
MYT,Mayotte,Africa,374,1990,92659,247.75133689839572,77.39551624451974
MYT,Mayotte,Africa,374,2000,159215,425.7085561497326,71.82896426682784
MYT,Mayotte,Africa,374,2010,211786,566.2727272727273,33.01887384982572
NAM,Namibia,Africa,825615,1970,754467,0.9138242401119165,
NAM,Namibia,Africa,825615,1980,975994,1.182141797326841,29.36205294598704
NAM,Namibia,Africa,825615,1990,1369011,1.6581711814828946,40.26838279743523
NAM,Namibia,Africa,825615,2000,1819141,2.2033768766313595,32.87994033649109
NAM,Namibia,Africa,825615,2010,2099271,2.5426754601115533,15.399026243705126
NCL,New Caledonia,Oceania,18575,1970,110982,5.974804845222073,
NCL,New Caledonia,Oceania,18575,1980,148599,7.9999461641991925,33.89468562469589
NCL,New Caledonia,Oceania,18575,1990,177264,9.54314939434724,19.2901701895706
NCL,New Caledonia,Oceania,18575,2000,221537,11.926621803499327,24.97574239552307
NCL,New Caledonia,Oceania,18575,2010,261426,14.074078061911171,18.005570175636578
NER,Niger,Africa,1267000,1970,4669708,3.6856416732438833,
NER,Niger,Africa,1267000,1980,6173177,4.872278610891871,32.1962101270572
NER,Niger,Africa,1267000,1990,8370647,6.6066669297553275,35.597067765916954
NER,Niger,Africa,1267000,2000,11622665,9.17337411207577,38.85025852840289
NER,Niger,Africa,1267000,2010,16647543,13.139339384372533,43.23344086747747
NFK,Northern Mariana Islands,Oceania,464,1970,10143,21.85991379310345,
NFK,Northern Mariana Islands,Oceania,464,1980,17613,37.95905172413793,73.64685004436558
NFK,Northern Mariana Islands,Oceania,464,1990,48002,103.45258620689656,172.53733038096863
NFK,Northern Mariana Islands,Oceania,464,2000,80338,173.14224137931035,67.36385983917337
NFK,Northern Mariana Islands,Oceania,464,2010,54087,116.56681034482759,-32.67569518783141
NGA,Nigeria,Africa,923768,1970,55569264,60.154999956699086,
NGA,Nigeria,Africa,923768,1980,72951439,78.97160217717003,31.280196548941163
NGA,Nigeria,Africa,923768,1990,95214257,103.07161213638057,30.517311659883784
NGA,Nigeria,Africa,923768,2000,122851984,132.99008409037768,29.0268788213093
NGA,Nigeria,Africa,923768,2010,160952853,174.2351467035013,31.0136375168349
NIC,Nicaragua,North America,130373,1970,2444767,18.752095909429098,
NIC,Nicaragua,North America,130373,1980,3303309,25.33737046781159,35.11753880840178
NIC,Nicaragua,North America,130373,1990,4227820,32.42864703581263,27.98742109805652
NIC,Nicaragua,North America,130373,2000,5123222,39.29664884600339,21.178810829221682
NIC,Nicaragua,North America,130373,2010,5855734,44.91523551655634,14.297877390439062
NIU,Niue,Oceania,260,1970,5185,19.942307692307693,
NIU,Niue,Oceania,260,1980,3637,13.988461538461538,-29.855351976856316
NIU,Niue,Oceania,260,1990,2533,9.742307692307692,-30.35468792961232
NIU,Niue,Oceania,260,2000,2074,7.976923076923077,-18.120805369127513
NIU,Niue,Oceania,260,2010,1812,6.969230769230769,-12.632594021215048
NLD,Netherlands,Europe,41850,1970,13037686,311.533715651135,
NLD,Netherlands,Europe,41850,1980,14130387,337.6436559139785,8.38109615463971
NLD,Netherlands,Europe,41850,1990,14944548,357.0979211469534,5.761774252892016
NLD,Netherlands,Europe,41850,2000,15899135,379.90764635603347,6.387526742193872
NLD,Netherlands,Europe,41850,2010,16617116,397.0637037037037,4.515849447155462
NOR,Norway,Europe,323802,1970,3875546,11.968876041531553,
NOR,Norway,Europe,323802,1980,4085776,12.618130833039944,5.424525989370266
NOR,Norway,Europe,323802,1990,4241636,13.099474370139777,3.814697624147767
NOR,Norway,Europe,323802,2000,4491202,13.870210807839358,5.883720338095966
NOR,Norway,Europe,323802,2010,4889741,15.10102161197275,8.873771431345112
NPL,Nepal,Asia,147181,1970,12501285,84.93817136722811,
NPL,Nepal,Asia,147181,1980,15600442,105.99494499969425,24.790707515267442
NPL,Nepal,Asia,147181,1990,19616530,133.28167358558508,25.743424449127783
NPL,Nepal,Asia,147181,2000,24559500,166.86596775399,25.19798353735345
NPL,Nepal,Asia,147181,2010,27161567,184.54533533540334,10.594951037276811
NRU,Nauru,Oceania,21,1970,6663,317.2857142857143,
NRU,Nauru,Oceania,21,1980,7635,363.57142857142856,14.588023412877082
NRU,Nauru,Oceania,21,1990,9598,457.04761904761904,25.710543549443354
NRU,Nauru,Oceania,21,2000,10377,494.14285714285717,8.116274223796616
NRU,Nauru,Oceania,21,2010,10241,487.6666666666667,-1.310590729497929
NZL,New Zealand,Oceania,270467,1970,2824061,10.441425386461194,
NZL,New Zealand,Oceania,270467,1980,3147168,11.636051717954501,11.441218868855874
NZL,New Zealand,Oceania,270467,1990,3397389,12.561196005427648,7.950671842113288
NZL,New Zealand,Oceania,270467,2000,3855266,14.254108634325075,13.477320377501666
NZL,New Zealand,Oceania,270467,2010,4346338,16.069753426480865,12.737694364020546
OMN,Oman,Asia,309500,1970,670693,2.1670210016155087,
OMN,Oman,Asia,309500,1980,1017462,3.287437802907916,51.70308919281996
OMN,Oman,Asia,309500,1990,1804524,5.830449111470113,77.35541966186452
OMN,Oman,Asia,309500,2000,2344253,7.574323101777059,29.909771219446245
OMN,Oman,Asia,309500,2010,2881914,9.31151534733441,22.93528044967843
PAK,Pakistan,Asia,881912,1970,59290872,67.22991863133737,
PAK,Pakistan,Asia,881912,1980,80624057,91.41961669645043,35.98055532055593
PAK,Pakistan,Asia,881912,1990,115414069,130.8680106405174,43.15090717898258
PAK,Pakistan,Asia,881912,2000,154369924,175.04005388292708,33.75312501979286
PAK,Pakistan,Asia,881912,2010,194454498,220.49195157793523,25.9665697574613
PAN,Panama,North America,75417,1970,1516188,20.104061418513066,
PAN,Panama,North America,75417,1980,1956987,25.948884203826722,29.072845847612562
PAN,Panama,North America,75417,1990,2449968,32.48561995306098,25.190816290552775
PAN,Panama,North America,75417,2000,3001731,39.801782091570864,22.521232930389303
PAN,Panama,North America,75417,2010,3623617,48.047747855258095,20.717579290082956
PER,Peru,South America,1285216,1970,13562371,10.552600496725843,
PER,Peru,South America,1285216,1980,17492406,13.610479483604312,28.97749220987982
PER,Peru,South America,1285216,1990,22109099,17.202632864825834,26.392555718178514
PER,Peru,South America,1285216,2000,26654439,20.739267951846227,20.558684910678625
PER,Peru,South America,1285216,2010,29229572,22.742925702761248,9.661178762756917
PHL,Philippines,Asia,342353,1970,37435586,109.3479128268191,
PHL,Philippines,Asia,342353,1980,48419546,141.43163927291423,29.34095916115751
PHL,Philippines,Asia,342353,1990,61558898,179.81118319395478,27.136462617803158
PHL,Philippines,Asia,342353,2000,77958223,227.7129833826489,26.640056162148973
PHL,Philippines,Asia,342353,2010,94636700,276.4301758711038,21.394121566880763
PLW,Palau,Oceania,459,1970,11366,24.762527233115467,
PLW,Palau,Oceania,459,1980,12252,26.69281045751634,7.7951786028506165
PLW,Palau,Oceania,459,1990,15293,33.31808278867102,24.82043747959517
PLW,Palau,Oceania,459,2000,19726,42.9760348583878,28.98711828941345
PLW,Palau,Oceania,459,2010,18540,40.3921568627451,-6.012369461624257
PNG,Papua New Guinea,Oceania,462840,1970,2489059,5.377795782559848,
PNG,Papua New Guinea,Oceania,462840,1980,3104788,6.708123757670037,24.737420848601822
PNG,Papua New Guinea,Oceania,462840,1990,3864972,8.350557428052891,24.48424819987709
PNG,Papua New Guinea,Oceania,462840,2000,5508297,11.901082447498055,42.51841927962221
PNG,Papua New Guinea,Oceania,462840,2010,7583269,16.384212686889637,37.66993682439419
POL,Poland,Europe,312679,1970,32482943,103.88591174974974,
POL,Poland,Europe,312679,1980,35521429,113.60350071479057,9.354097010237039
POL,Poland,Europe,312679,1990,38064255,121.73588568467981,7.158568986624947
POL,Poland,Europe,312679,2000,38504431,123.14364252156365,1.156402509388399
POL,Poland,Europe,312679,2010,38597353,123.4408226967593,0.24132806948893304
PRI,Puerto Rico,North America,8870,1970,2737619,308.6379932356257,
PRI,Puerto Rico,North America,8870,1980,3214568,362.40901916572716,17.422037179023086
PRI,Puerto Rico,North America,8870,1990,3543776,399.5237880496054,10.241127268111928
PRI,Puerto Rico,North America,8870,2000,3827108,431.46651634723787,7.995200599586427
PRI,Puerto Rico,North America,8870,2010,3717922,419.1569334836528,-2.8529636477465536
PRK,North Korea,Asia,120538,1970,14996879,124.41619240405515,
PRK,North Korea,Asia,120538,1980,17973650,149.1118983225207,19.849269971438723
PRK,North Korea,Asia,120538,1990,20799523,172.55573346164695,15.722310159594732
PRK,North Korea,Asia,120538,2000,23367059,193.85636894589257,12.344206162804783
PRK,North Korea,Asia,120538,2010,24686435,204.80209560470556,5.646307479259582
PRT,Portugal,Europe,92090,1970,8683631,94.29504832229341,
PRT,Portugal,Europe,92090,1980,9785252,106.25748724074275,12.686179318305912
PRT,Portugal,Europe,92090,1990,10007346,108.66919318058422,2.2696809443435884
PRT,Portugal,Europe,92090,2000,10300626,111.85390378977088,2.9306471466061135
PRT,Portugal,Europe,92090,2010,10588401,114.97883592138126,2.793762243187947
PRY,Paraguay,South America,406752,1970,2408787,5.922004071276847,
PRY,Paraguay,South America,406752,1980,3078912,7.569506726457399,27.820018955598826
PRY,Paraguay,South America,406752,1990,4059195,9.97953298324286,31.83861701795958
PRY,Paraguay,South America,406752,2000,5123819,12.596911631657619,26.227466283339428
PRY,Paraguay,South America,406752,2010,5768613,14.182138010384707,12.584246242890318
PSE,Palestine,Asia,6220,1970,1118241,179.78151125401928,
PSE,Palestine,Asia,6220,1980,1453620,233.7009646302251,29.9916565391539
PSE,Palestine,Asia,6220,1990,2124609,341.57700964630226,46.159862962810095
PSE,Palestine,Asia,6220,2000,3139954,504.81575562700965,47.78973448761632
PSE,Palestine,Asia,6220,2010,3992278,641.8453376205788,27.14447409102172
PYF,French Polynesia,Oceania,4167,1970,117891,28.29157667386609,
PYF,French Polynesia,Oceania,4167,1980,163591,39.258699304055675,38.76462155720115
PYF,French Polynesia,Oceania,4167,1990,211089,50.65730741540677,29.034604593162207
PYF,French Polynesia,Oceania,4167,2000,250927,60.21766258699304,18.87260823633634
PYF,French Polynesia,Oceania,4167,2010,283788,68.1036717062635,13.095840622970023
QAT,Qatar,Asia,11586,1970,118007,10.185309856723633,
QAT,Qatar,Asia,11586,1980,277450,23.947005006041774,135.1131712525528
QAT,Qatar,Asia,11586,1990,441675,38.12143966856551,59.19084519733284
QAT,Qatar,Asia,11586,2000,645937,55.75151044363887,46.247127412690325
QAT,Qatar,Asia,11586,2010,1713504,147.89435525634386,165.2741676045806
REU,Reunion,Africa,2511,1970,473925,188.73954599761052,
REU,Reunion,Africa,2511,1980,551674,219.70290720828356,16.40533839742575
REU,Reunion,Africa,2511,1990,658992,262.442054958184,19.45315530548839
REU,Reunion,Africa,2511,2000,785424,312.7933094384707,19.185665379852868
REU,Reunion,Africa,2511,2010,890130,354.4922341696535,13.331143433355752
ROU,Romania,Europe,238391,1970,19922618,83.57118347588626,
ROU,Romania,Europe,238391,1980,22125224,92.81065140881996,11.05580601906837
ROU,Romania,Europe,238391,1990,22836234,95.79318850124376,3.2135719846271282
ROU,Romania,Europe,238391,2000,21919876,91.94925982943987,-4.012736951285401
ROU,Romania,Europe,238391,2010,20335211,85.30192414982109,-7.229352027356361
RUS,Russia,Europe,17098242,1970,130093010,7.608560575993719,
RUS,Russia,Europe,17098242,1980,138257420,8.086060543534241,6.275825273010449
RUS,Russia,Europe,17098242,1990,148005704,8.65619424499899,7.050821576158439
RUS,Russia,Europe,17098242,2000,146844839,8.588300422932369,-0.7843380144321954
RUS,Russia,Europe,17098242,2010,143242599,8.377621453714365,-2.4530926824060884
RWA,Rwanda,Africa,26338,1970,3896367,147.9370870984889,
RWA,Rwanda,Africa,26338,1980,5247532,199.23805907813806,34.67755989104722
RWA,Rwanda,Africa,26338,1990,7319962,277.92398815399804,39.493422812857546
RWA,Rwanda,Africa,26338,2000,8109989,307.91969777507785,10.792774607299883
RWA,Rwanda,Africa,26338,2010,10309031,391.4128255752145,27.115227899815885
SAU,Saudi Arabia,Asia,2149690,1970,6106191,2.840498397443352,
SAU,Saudi Arabia,Asia,2149690,1980,10171710,4.7317101535570245,66.58027893329901
SAU,Saudi Arabia,Asia,2149690,1990,16004763,7.44514930059683,57.34584450402145
SAU,Saudi Arabia,Asia,2149690,2000,21547390,10.0234871074434,34.63110950159025
SAU,Saudi Arabia,Asia,2149690,2010,29411929,13.681939721541246,36.4988010148793
SDN,Sudan,Africa,1886068,1970,11305206,5.994060659530834,
SDN,Sudan,Africa,1886068,1980,16673586,8.84039493804041,47.485910473457984
SDN,Sudan,Africa,1886068,1990,21090886,11.182463198569723,26.492801248633626
SDN,Sudan,Africa,1886068,2000,26298773,13.94370351440139,24.692594706547656
SDN,Sudan,Africa,1886068,2010,33739933,17.88903316317333,28.29470409132775
SEN,Senegal,Africa,196722,1970,4367744,22.202620957493316,
SEN,Senegal,Africa,196722,1980,5703869,28.99456593568589,30.590735171292096
SEN,Senegal,Africa,196722,1990,7536001,38.30787100578481,32.12086392587208
SEN,Senegal,Africa,196722,2000,9704287,49.32995292849808,28.77236879347549
SEN,Senegal,Africa,196722,2010,12530121,63.69455881904413,29.119439686810587
SGP,Singapore,Asia,710,1970,2061831,2903.987323943662,
SGP,Singapore,Asia,710,1980,2400729,3381.3084507042254,16.436749665709762
SGP,Singapore,Asia,710,1990,3022209,4256.632394366197,25.887136782202404
SGP,Singapore,Asia,710,2000,4053602,5709.298591549295,34.12712357087151
SGP,Singapore,Asia,710,2010,5163590,7272.661971830986,27.382757359997356
SLB,Solomon Islands,Oceania,28896,1970,172833,5.981208471760797,
SLB,Solomon Islands,Oceania,28896,1980,233668,8.086517165005537,35.19871783745003
SLB,Solomon Islands,Oceania,28896,1990,324171,11.218542358803987,38.73144803738637
SLB,Solomon Islands,Oceania,28896,2000,429978,14.880191029900333,32.639255207899545
SLB,Solomon Islands,Oceania,28896,2010,540394,18.701342746400886,25.679453367381576
SLE,Sierra Leone,Africa,71740,1970,2778557,38.730931140228606,
SLE,Sierra Leone,Africa,71740,1980,3367477,46.94001951491497,21.195174329697043
SLE,Sierra Leone,Africa,71740,1990,4325388,60.29255645386117,28.445955235922927
SLE,Sierra Leone,Africa,71740,2000,4584067,63.89834123222749,5.980480826228773
SLE,Sierra Leone,Africa,71740,2010,6436698,89.72258154446612,40.41457072944179
SLV,El Salvador,North America,21041,1970,3619090,172.0018059978138,
SLV,El Salvador,North America,21041,1980,4508992,214.2955182738463,24.58910941700814
SLV,El Salvador,North America,21041,1990,5367179,255.08193526923625,19.0327904773395
SLV,El Salvador,North America,21041,2000,5958482,283.1843543557816,11.017016574256244
SLV,El Salvador,North America,21041,2010,6114034,290.57715888028133,2.610597799909442
SMR,San Marino,Europe,61,1970,18169,297.8524590163934,
SMR,San Marino,Europe,61,1980,21346,349.9344262295082,17.485827508393427
SMR,San Marino,Europe,61,1990,23132,379.21311475409834,8.366907148880355
SMR,San Marino,Europe,61,2000,26823,439.72131147540983,15.956251080753937
SMR,San Marino,Europe,61,2010,31608,518.1639344262295,17.83916787831339
SOM,Somalia,Africa,637657,1970,3720977,5.835389558963518,
SOM,Somalia,Africa,637657,1980,5892224,9.240428631693842,58.351529719210845
SOM,Somalia,Africa,637657,1990,6999096,10.976270941901367,18.78530076249647
SOM,Somalia,Africa,637657,2000,8721465,13.677361026382522,24.60844943404119
SOM,Somalia,Africa,637657,2010,12026649,18.860686858295292,37.89711934864155
SPM,Saint Pierre and Miquelon,North America,242,1970,5537,22.880165289256198,
SPM,Saint Pierre and Miquelon,North America,242,1980,6106,25.231404958677686,10.276322918547942
SPM,Saint Pierre and Miquelon,North America,242,1990,6324,26.132231404958677,3.570258761873557
SPM,Saint Pierre and Miquelon,North America,242,2000,6274,25.925619834710744,-0.7906388361796357
SPM,Saint Pierre and Miquelon,North America,242,2010,6052,25.00826446280992,-3.5384124960152974
SRB,Serbia,Europe,88361,1970,7193533,81.41072418827311,
SRB,Serbia,Europe,88361,1980,7777010,88.01405597492106,8.111132596458503
SRB,Serbia,Europe,88361,1990,7987529,90.39654372404115,2.7069400707984137
SRB,Serbia,Europe,88361,2000,7935022,89.80231097429862,-0.6573622455705586
SRB,Serbia,Europe,88361,2010,7653748,86.61907402587114,-3.5447160701003733
SSD,South Sudan,Africa,619745,1970,3342410,5.393202042775657,
SSD,South Sudan,Africa,619745,1980,4192011,6.764090069302697,25.418814567931513
SSD,South Sudan,Africa,619745,1990,4750817,7.6657609177968355,13.330260822311768
SSD,South Sudan,Africa,619745,2000,6114440,9.86605781410096,28.702915730073375
SSD,South Sudan,Africa,619745,2010,9714419,15.674864662078758,58.876675541832114
STP,Sao Tome and Principe,Africa,964,1970,77583,80.48029045643153,
STP,Sao Tome and Principe,Africa,964,1980,97210,100.84024896265561,25.298067875694418
STP,Sao Tome and Principe,Africa,964,1990,120343,124.83713692946058,23.796934471762164
STP,Sao Tome and Principe,Africa,964,2000,143714,149.08091286307055,19.420323575114473
STP,Sao Tome and Principe,Africa,964,2010,182138,188.93983402489627,26.7364348636876
SUR,Suriname,South America,163820,1970,379918,2.3191185447442315,
SUR,Suriname,South America,163820,1980,375112,2.28978146746429,-1.2650098179080804
SUR,Suriname,South America,163820,1990,412756,2.519570260041509,10.035402759709111
SUR,Suriname,South America,163820,2000,478998,2.9239287022341593,16.048706741997698
SUR,Suriname,South America,163820,2010,546080,3.333414723476987,14.004651376414934
SVK,Slovakia,Europe,49037,1970,4522867,92.23376226114975,
SVK,Slovakia,Europe,49037,1980,4973883,101.43122540122765,9.97190498858358
SVK,Slovakia,Europe,49037,1990,5261305,107.29255460162734,5.778624064940807
SVK,Slovakia,Europe,49037,2000,5376690,109.64557375043334,2.1930870763052113
SVK,Slovakia,Europe,49037,2010,5396424,110.04800456797928,0.3670287853679399
SVN,Slovenia,Europe,20273,1970,1741286,85.89187589404627,
SVN,Slovenia,Europe,20273,1980,1901570,93.79815518176885,9.204920960715235
SVN,Slovenia,Europe,20273,1990,1986024,97.9639915158092,4.441277470721561
SVN,Slovenia,Europe,20273,2000,1984339,97.88087604202634,-0.08484288205983237
SVN,Slovenia,Europe,20273,2010,2057286,101.47911014650028,3.676135982813422
SWE,Sweden,Europe,450295,1970,8027702,17.82765076227806,
SWE,Sweden,Europe,450295,1980,8311763,18.45848388278795,3.538509526138367
SWE,Sweden,Europe,450295,1990,8548406,18.98401270278373,2.847085510017555
SWE,Sweden,Europe,450295,2000,8871043,19.70051410741847,3.774235804897419
SWE,Sweden,Europe,450295,2010,9381729,20.834628410264383,5.756775161612904
SWZ,Eswatini,Africa,17364,1970,442865,25.504780004607234,
SWZ,Eswatini,Africa,17364,1980,598564,34.47155033402442,35.15721495263793
SWZ,Eswatini,Africa,17364,1990,854011,49.182849573830914,42.676639423687355
SWZ,Eswatini,Africa,17364,2000,1030496,59.3466943100668,20.665424684225385
SWZ,Eswatini,Africa,17364,2010,1099920,63.344851416724254,6.736949973604944
SXM,Sint Maarten,North America,34,1970,6260,184.11764705882354,
SXM,Sint Maarten,North America,34,1980,12243,360.0882352941176,95.57507987220448
SXM,Sint Maarten,North America,34,1990,27845,818.9705882352941,127.43608592665194
SXM,Sint Maarten,North America,34,2000,30489,896.7352941176471,9.495421080984023
SXM,Sint Maarten,North America,34,2010,33034,971.5882352941177,8.347272786906746
SYC,Seychelles,Africa,452,1970,54379,120.3075221238938,
SYC,Seychelles,Africa,452,1980,65290,144.44690265486724,20.06473087037275
SYC,Seychelles,Africa,452,1990,71057,157.20575221238937,8.832899372032465
SYC,Seychelles,Africa,452,2000,80060,177.12389380530973,12.670109911760985
SYC,Seychelles,Africa,452,2010,92409,204.4446902654867,15.42468148888334
SYR,Syria,Asia,185180,1970,6319199,34.12463008964251,
SYR,Syria,Asia,185180,1980,8898954,48.05569715952047,40.82408229270831
SYR,Syria,Asia,185180,1990,12408996,67.0104546927314,39.44330985416937
SYR,Syria,Asia,185180,2000,16307654,88.06379738632681,31.41799707244648
SYR,Syria,Asia,185180,2010,22337563,120.62621773409656,36.975943934056986
TCA,Turks and Caicos Islands,North America,948,1970,5665,5.975738396624473,
TCA,Turks and Caicos Islands,North America,948,1980,7598,8.014767932489452,34.12180052956752
TCA,Turks and Caicos Islands,North America,948,1990,11709,12.35126582278481,54.106343774677555
TCA,Turks and Caicos Islands,North America,948,2000,18744,19.772151898734176,60.08198821419421
TCA,Turks and Caicos Islands,North America,948,2010,29726,31.356540084388186,58.58941527955612
TCD,Chad,Africa,1284000,1970,3667394,2.856225856697819,
TCD,Chad,Africa,1284000,1980,4408230,3.4332009345794394,20.20061111514062
TCD,Chad,Africa,1284000,1990,5827069,4.538215732087227,32.18613820059297
TCD,Chad,Africa,1284000,2000,8259137,6.43234968847352,41.73741549997092
TCD,Chad,Africa,1284000,2010,11894727,9.263806074766356,44.0190058598132
TGO,Togo,Africa,56785,1970,2197383,38.6965395791142,
TGO,Togo,Africa,56785,1980,2838110,49.97992427577705,29.158640073214357
TGO,Togo,Africa,56785,1990,3875947,68.25652901294356,36.56789201264221
TGO,Togo,Africa,56785,2000,5008035,88.19292066566875,29.208036126396976
TGO,Togo,Africa,56785,2010,6571855,115.73223562560536,31.226219465319225
THA,Thailand,Asia,513120,1970,35791728,69.75313376987839,
THA,Thailand,Asia,513120,1980,45737753,89.13656259744309,27.78861361485536
THA,Thailand,Asia,513120,1990,55228410,107.63254209541628,20.75016015762734
THA,Thailand,Asia,513120,2000,63066603,122.90809752104771,14.192320582830465
THA,Thailand,Asia,513120,2010,68270489,133.04975249454318,8.251413192494294
TJK,Tajikistan,Asia,143100,1970,2993019,20.915576519916144,
TJK,Tajikistan,Asia,143100,1980,4045965,28.273689727463314,35.18006400894882
TJK,Tajikistan,Asia,143100,1990,5417860,37.86065688329839,33.90773276585437
TJK,Tajikistan,Asia,143100,2000,6272998,43.83646401118099,15.783685809526272
TJK,Tajikistan,Asia,143100,2010,7621779,53.261907756813414,21.501377810099733
TKL,Tokelau,Oceania,12,1970,1714,142.83333333333334,
TKL,Tokelau,Oceania,12,1980,1647,137.25,-3.908984830805129
TKL,Tokelau,Oceania,12,1990,1669,139.08333333333334,1.3357619914996954
TKL,Tokelau,Oceania,12,2000,1666,138.83333333333334,-0.17974835230677444
TKL,Tokelau,Oceania,12,2010,1367,113.91666666666667,-17.94717887154862
TKM,Turkmenistan,Asia,488100,1970,2201432,4.51020692481049,
TKM,Turkmenistan,Asia,488100,1980,2862903,5.86540258143823,30.0473055720095
TKM,Turkmenistan,Asia,488100,1990,3720278,7.621958615037902,29.947748840949195
TKM,Turkmenistan,Asia,488100,2000,4569132,9.361057160417948,22.816950776259205
TKM,Turkmenistan,Asia,488100,2010,5267970,10.79280885064536,15.294764957545537
TLS,Timor-Leste,Asia,14874,1970,554021,37.247613284926715,
TLS,Timor-Leste,Asia,14874,1980,642224,43.17762538658061,15.920515648323796
TLS,Timor-Leste,Asia,14874,1990,758106,50.968535699878984,18.043860086200446
TLS,Timor-Leste,Asia,14874,2000,878360,59.053381739948904,15.862425571094274
TLS,Timor-Leste,Asia,14874,2010,1088486,73.18044910582223,23.922537456168325
TON,Tonga,Oceania,747,1970,86484,115.77510040160642,
TON,Tonga,Oceania,747,1980,96708,129.46184738955824,11.82183987789649
TON,Tonga,Oceania,747,1990,98727,132.16465863453814,2.0877280059560688
TON,Tonga,Oceania,747,2000,102603,137.35341365461846,3.9259776960709925
TON,Tonga,Oceania,747,2010,107383,143.75234270414992,4.658733175443208
TTO,Trinidad and Tobago,North America,5130,1970,988890,192.76608187134502,
TTO,Trinidad and Tobago,North America,5130,1980,1127852,219.8541910331384,14.052321289526649
TTO,Trinidad and Tobago,North America,5130,1990,1266518,246.88460038986355,12.294698240549295
TTO,Trinidad and Tobago,North America,5130,2000,1332203,259.688693957115,5.186266598658684
TTO,Trinidad and Tobago,North America,5130,2010,1410296,274.91150097465885,5.8619444634188556
TUN,Tunisia,Africa,163610,1970,5047404,30.850216979402237,
TUN,Tunisia,Africa,163610,1980,6578156,40.206319907096145,30.327510934333766
TUN,Tunisia,Africa,163610,1990,8440023,51.586229448077745,28.303783005450157
TUN,Tunisia,Africa,163610,2000,9893316,60.468895544282134,17.219064450416788
TUN,Tunisia,Africa,163610,2010,10895063,66.59166921337327,10.125492807467174
TUR,Turkey,Asia,783562,1970,35540990,45.358235851151534,
TUR,Turkey,Asia,783562,1980,44089069,56.26749255323765,24.0513249630919
TUR,Turkey,Asia,783562,1990,54324142,69.32973012984294,23.21453646480944
TUR,Turkey,Asia,783562,2000,64113547,81.8231958670788,18.020358241461043
TUR,Turkey,Asia,783562,2010,73195345,93.41359713717613,14.165177914739303
TUV,Tuvalu,Oceania,26,1970,5814,223.6153846153846,
TUV,Tuvalu,Oceania,26,1980,7731,297.34615384615387,32.97213622291022
TUV,Tuvalu,Oceania,26,1990,9182,353.15384615384613,18.768593972319223
TUV,Tuvalu,Oceania,26,2000,9638,370.6923076923077,4.966238292311043
TUV,Tuvalu,Oceania,26,2010,10550,405.7692307692308,9.46254409628553
TWN,Taiwan,Asia,36193,1970,14957870,413.2807448954218,
TWN,Taiwan,Asia,36193,1980,18100281,500.1044677147515,21.008412293996415
TWN,Taiwan,Asia,36193,1990,20586174,568.7888265686735,13.734002251125265
TWN,Taiwan,Asia,36193,2000,22194731,613.2326969303457,7.813773457855744
TWN,Taiwan,Asia,36193,2010,23083083,637.7775536705993,4.002535556749942
TZA,Tanzania,Africa,945087,1970,13618192,14.409458600107715,
TZA,Tanzania,Africa,945087,1980,19297659,20.418923337216572,41.705000193858346
TZA,Tanzania,Africa,945087,1990,26206012,27.728676830810286,35.79891737127285
TZA,Tanzania,Africa,945087,2000,34463704,36.46617083929839,31.510677778824192
TZA,Tanzania,Africa,945087,2010,45110527,47.731613068426505,30.892857598823387
UGA,Uganda,Africa,241550,1970,10317212,42.712531566963364,
UGA,Uganda,Africa,241550,1980,13284026,54.99493272614365,28.75596624359371
UGA,Uganda,Africa,241550,1990,17586630,72.80741047402194,32.38930727777858
UGA,Uganda,Africa,241550,2000,24020697,99.44399503208446,36.58499098462866
UGA,Uganda,Africa,241550,2010,32341728,133.89247774787827,34.641088890967644
UKR,Ukraine,Europe,603500,1970,47279086,78.34148467274234,
UKR,Ukraine,Europe,603500,1980,49973920,82.80682684341342,5.699843689871664
UKR,Ukraine,Europe,603500,1990,51589817,85.48436951118475,3.233480583472348
UKR,Ukraine,Europe,603500,2000,48879755,80.99379453189727,-5.25309481132682
UKR,Ukraine,Europe,603500,2010,45683020,75.69680198840099,-6.539998001217473
URY,Uruguay,South America,181034,1970,2790265,15.412933482108333,
URY,Uruguay,South America,181034,1980,2953750,16.315995890274756,5.859120907870752
URY,Uruguay,South America,181034,1990,3117012,17.217826485632532,5.527278882776132
URY,Uruguay,South America,181034,2000,3292224,18.185666780825702,5.621152565341414
URY,Uruguay,South America,181034,2010,3352651,18.519454909022613,1.8354461907816644
USA,United States,North America,9372610,1970,200328340,21.37380516206265,
USA,United States,North America,9372610,1980,223140018,23.80767128900061,11.38714472450577
USA,United States,North America,9372610,1990,248083732,26.469012580273798,11.178503176422616
USA,United States,North America,9372610,2000,282398554,30.13019361735952,13.83195170572491
USA,United States,North America,9372610,2010,311182845,33.20130091831411,10.192789797358515
UZB,Uzbekistan,Asia,447400,1970,12011361,26.84702950379973,
UZB,Uzbekistan,Asia,447400,1980,15947129,35.64400759946357,32.76704446731724
UZB,Uzbekistan,Asia,447400,1990,20579100,45.99709432275369,29.045798776695175
UZB,Uzbekistan,Asia,447400,2000,24925554,55.712011622708985,21.12071956499555
UZB,Uzbekistan,Asia,447400,2010,28614227,63.95669870362092,14.798760340492322
VAT,Vatican City,Europe,1,1970,752,752.0,
VAT,Vatican City,Europe,1,1980,733,733.0,-2.5265957446808485
VAT,Vatican City,Europe,1,1990,700,700.0,-4.502046384720327
VAT,Vatican City,Europe,1,2000,651,651.0,-6.999999999999995
VAT,Vatican City,Europe,1,2010,596,596.0,-8.448540706605224
VCT,Saint Vincent and the Grenadines,North America,389,1970,98459,253.10796915167094,
VCT,Saint Vincent and the Grenadines,North America,389,1980,107480,276.29820051413884,9.16218933769386
VCT,Saint Vincent and the Grenadines,North America,389,1990,112487,289.1696658097686,4.658541123930027
VCT,Saint Vincent and the Grenadines,North America,389,2000,113813,292.5784061696658,1.1788028838888076
VCT,Saint Vincent and the Grenadines,North America,389,2010,109308,280.9974293059126,-3.958247300396267
VEN,Venezuela,South America,916445,1970,11355475,12.390787226729373,
VEN,Venezuela,South America,916445,1980,15210443,16.597224055998996,33.94809992536641
VEN,Venezuela,South America,916445,1990,19750579,21.551297677438363,29.848808479805623
VEN,Venezuela,South America,916445,2000,24427729,26.654877270321734,23.681077906627458
VEN,Venezuela,South America,916445,2010,28715022,31.33305544795378,17.55092747262752
VGB,British Virgin Islands,North America,151,1970,9581,63.450331125827816,
VGB,British Virgin Islands,North America,151,1980,11109,73.56953642384106,15.948230873604018
VGB,British Virgin Islands,North America,151,1990,15617,103.42384105960265,40.57971014492754
VGB,British Virgin Islands,North America,151,2000,20104,133.13907284768212,28.73151053339309
VGB,British Virgin Islands,North America,151,2010,27556,182.49006622516555,37.06725029844806
VIR,United States Virgin Islands,North America,347,1970,63446,182.84149855907782,
VIR,United States Virgin Islands,North America,347,1980,96640,278.5014409221902,52.31850707688428
VIR,United States Virgin Islands,North America,347,1990,100685,290.1585014409222,4.185637417218535
VIR,United States Virgin Islands,North America,347,2000,108185,311.7723342939481,7.448974524507124
VIR,United States Virgin Islands,North America,347,2010,106142,305.8847262247839,-1.888431852844663
VNM,Vietnam,Asia,331212,1970,41928849,126.59217963117278,
VNM,Vietnam,Asia,331212,1980,52968270,159.9225571537263,26.328938817280665
VNM,Vietnam,Asia,331212,1990,66912613,202.0235166600244,26.32584186721598
VNM,Vietnam,Asia,331212,2000,79001142,238.5213760371001,18.06614397198927
VNM,Vietnam,Asia,331212,2010,87411012,263.9125756313177,10.645251178774107
VUT,Vanuatu,Oceania,12189,1970,87019,7.139141849208302,
VUT,Vanuatu,Oceania,12189,1980,118156,9.693658216424645,35.78184074742297
VUT,Vanuatu,Oceania,12189,1990,150882,12.378538026089096,27.697281559971554
VUT,Vanuatu,Oceania,12189,2000,192074,15.757978505209616,27.300804602271977
VUT,Vanuatu,Oceania,12189,2010,245453,20.137254901960784,27.790851442673127
WLF,Wallis and Futuna,Oceania,142,1970,9377,66.03521126760563,
WLF,Wallis and Futuna,Oceania,142,1980,11315,79.6830985915493,20.667590913938348
WLF,Wallis and Futuna,Oceania,142,1990,13454,94.74647887323944,18.904109589041095
WLF,Wallis and Futuna,Oceania,142,2000,14723,103.6830985915493,9.432139140775986
WLF,Wallis and Futuna,Oceania,142,2010,13142,92.54929577464789,-10.738300618080554
WSM,Samoa,Oceania,2842,1970,142771,50.23610133708656,
WSM,Samoa,Oceania,2842,1980,164905,58.02427867698804,15.503148398484278
WSM,Samoa,Oceania,2842,1990,168186,59.17874736101337,1.989630393256725
WSM,Samoa,Oceania,2842,2000,184008,64.74595355383532,9.407441760907576
WSM,Samoa,Oceania,2842,2010,194672,68.49824067558058,5.795400199991296
YEM,Yemen,Asia,527968,1970,6843607,12.962162479544215,
YEM,Yemen,Asia,527968,1980,9204938,17.434651342505607,34.50418763087946
YEM,Yemen,Asia,527968,1990,13375121,25.333203906297353,45.3037597863234
YEM,Yemen,Asia,527968,2000,18628700,35.283767198012,39.27873998298781
YEM,Yemen,Asia,527968,2010,24743946,46.866374477241045,32.82701423073
ZAF,South Africa,Africa,1221037,1970,22368306,18.319105809242473,
ZAF,South Africa,Africa,1221037,1980,29463549,24.129939551381327,31.720073035481544
ZAF,South Africa,Africa,1221037,1990,39877570,32.65877282997976,35.34543988573813
ZAF,South Africa,Africa,1221037,2000,46813266,38.33894140799992,17.39247401484092
ZAF,South Africa,Africa,1221037,2010,51784921,42.41060754096723,10.620184030740344
ZMB,Zambia,Africa,752612,1970,4281671,5.6890814921898665,
ZMB,Zambia,Africa,752612,1980,5720438,7.600779684618369,33.602932126265664
ZMB,Zambia,Africa,752612,1990,7686401,10.212966309333362,34.3673508916625
ZMB,Zambia,Africa,752612,2000,9891136,13.14241069767689,28.683580260774843
ZMB,Zambia,Africa,752612,2010,13792086,18.325625953346478,39.43884706468499
ZWE,Zimbabwe,Africa,390757,1970,5202918,13.31497068510609,
ZWE,Zimbabwe,Africa,390757,1980,7049926,18.041713904037547,35.49946395465007
ZWE,Zimbabwe,Africa,390757,1990,10113893,25.88281975754753,43.460981008878676
ZWE,Zimbabwe,Africa,390757,2000,11834676,30.286536133709696,17.014051859160475
ZWE,Zimbabwe,Africa,390757,2010,12839771,32.85871014466792,8.492796929970869
